"ROUTE_ID","STOP_ID","SCHEDULED","REAL_TIME","DELAY"
"E","RIVE03","2012-10-01 05:25:00 AM","2012-10-01 05:30:37 AM","5.62"
"E","VOLL02","2012-10-01 05:26:21 AM","2012-10-01 05:32:46 AM","6.42"
"E","PLGE01","2012-10-01 05:29:00 AM","2012-10-01 05:34:37 AM","5.62"
"E","CRIG00","2012-10-01 05:29:50 AM","2012-10-01 05:35:42 AM","5.87"
"E","MGRE00","2012-10-01 05:30:40 AM","2012-10-01 05:36:22 AM","5.7"
"E","TCRE00","2012-10-01 05:31:15 AM","2012-10-01 05:36:51 AM","5.6"
"E","RUTH00","2012-10-01 05:31:41 AM","2012-10-01 05:37:12 AM","5.52"
"E","BOIS00","2012-10-01 05:32:39 AM","2012-10-01 05:38:02 AM","5.38"
"E","BLTE00","2012-10-01 05:33:07 AM","2012-10-01 05:38:26 AM","5.32"
"E","VSNA00","2012-10-01 05:33:40 AM","2012-10-01 05:39:40 AM","6.0"
"E","BISE00","2012-10-01 05:35:02 AM","2012-10-01 05:41:08 AM","6.1"
"E","BOCA00","2012-10-01 05:36:20 AM","2012-10-01 05:41:55 AM","5.58"
"E","BELL00","2012-10-01 05:37:14 AM","2012-10-01 05:42:25 AM","5.18"
"E","CLGE00","2012-10-01 05:38:00 AM","2012-10-01 05:43:10 AM","5.17"
"E","RSMA00","2012-10-01 05:38:44 AM","2012-10-01 05:43:49 AM","5.08"
"E","SVON00","2012-10-01 05:39:07 AM","2012-10-01 05:44:05 AM","4.97"
"E","GAIU00","2012-10-01 05:39:41 AM","2012-10-01 05:44:27 AM","4.77"
"E","CIPO00","2012-10-01 05:40:40 AM","2012-10-01 05:45:51 AM","5.18"
"E","PPAL00","2012-10-01 05:41:12 AM","2012-10-01 05:46:52 AM","5.67"
"E","NAIS00","2012-10-01 05:42:01 AM","2012-10-01 05:47:43 AM","5.7"
"E","MARG00","2012-10-01 05:42:29 AM","2012-10-01 05:48:22 AM","5.88"
"E","ANRS00","2012-10-01 05:43:20 AM","2012-10-01 05:49:37 AM","6.28"
"E","CRBS00","2012-10-01 05:44:16 AM","2012-10-01 05:50:46 AM","6.5"
"E","CHVA00","2012-10-01 05:44:48 AM","2012-10-01 05:51:16 AM","6.47"
"E","SSCH00","2012-10-01 05:45:36 AM","2012-10-01 05:52:04 AM","6.47"
"E","GRAV00","2012-10-01 05:46:05 AM","2012-10-01 05:52:32 AM","6.45"
"E","VLLA00","2012-10-01 05:47:01 AM","2012-10-01 05:53:24 AM","6.38"
"E","TRIZ00","2012-10-01 05:47:42 AM","2012-10-01 05:54:02 AM","6.33"
"E","HERM00","2012-10-01 05:48:40 AM","2012-10-01 05:54:55 AM","6.25"
"E","HERM00","2012-10-01 05:59:00 AM","2012-10-01 05:57:56 AM","-1.07"
"E","TRIZ01","2012-10-01 06:00:11 AM","2012-10-01 05:59:25 AM","-0.77"
"E","VLLA01","2012-10-01 06:01:10 AM","2012-10-01 06:00:12 AM","-0.97"
"E","GRAV01","2012-10-01 06:02:07 AM","2012-10-01 06:00:55 AM","-1.2"
"E","SSCH01","2012-10-01 06:02:46 AM","2012-10-01 06:01:46 AM","-1.0"
"E","CHVA01","2012-10-01 06:04:00 AM","2012-10-01 06:03:02 AM","-0.97"
"E","CRBS01","2012-10-01 06:04:38 AM","2012-10-01 06:03:33 AM","-1.08"
"E","ANRS01","2012-10-01 06:05:40 AM","2012-10-01 06:04:40 AM","-1.0"
"E","MARG01","2012-10-01 06:06:42 AM","2012-10-01 06:05:56 AM","-0.77"
"E","PPAL01","2012-10-01 06:08:19 AM","2012-10-01 06:07:48 AM","-0.52"
"E","CIPO01","2012-10-01 06:09:00 AM","2012-10-01 06:08:30 AM","-0.5"
"E","GAIU01","2012-10-01 06:09:54 AM","2012-10-01 06:09:16 AM","-0.63"
"E","SVON01","2012-10-01 06:10:36 AM","2012-10-01 06:09:52 AM","-0.73"
"E","RSMA01","2012-10-01 06:11:02 AM","2012-10-01 06:10:22 AM","-0.67"
"E","CLGE01","2012-10-01 06:11:40 AM","2012-10-01 06:11:05 AM","-0.58"
"E","BELL01","2012-10-01 06:12:31 AM","2012-10-01 06:12:04 AM","-0.45"
"E","BOCA01","2012-10-01 06:13:20 AM","2012-10-01 06:13:04 AM","-0.27"
"E","BISE01","2012-10-01 06:14:54 AM","2012-10-01 06:14:04 AM","-0.83"
"E","VSNA01","2012-10-01 06:16:00 AM","2012-10-01 06:15:23 AM","-0.62"
"E","BLTE01","2012-10-01 06:17:12 AM","2012-10-01 06:17:10 AM","-0.03"
"E","BOIS01","2012-10-01 06:17:39 AM","2012-10-01 06:17:30 AM","-0.15"
"E","RUTH01","2012-10-01 06:18:58 AM","2012-10-01 06:18:36 AM","-0.37"
"E","TCRE01","2012-10-01 06:19:31 AM","2012-10-01 06:19:16 AM","-0.25"
"E","MGRE01","2012-10-01 06:20:13 AM","2012-10-01 06:19:45 AM","-0.47"
"E","CRIG01","2012-10-01 06:21:20 AM","2012-10-01 06:20:39 AM","-0.68"
"E","PLGE03","2012-10-01 06:22:20 AM","2012-10-01 06:22:44 AM","0.4"
"E","AUBI00","2012-10-01 06:25:36 AM","2012-10-01 06:25:05 AM","-0.52"
"E","VOLL00","2012-10-01 06:26:13 AM","2012-10-01 06:25:46 AM","-0.45"
"E","RLAC00","2012-10-01 06:27:12 AM","2012-10-01 06:26:43 AM","-0.48"
"E","PLEV00","2012-10-01 06:27:58 AM","2012-10-01 06:28:30 AM","0.53"
"E","RIVE04","2012-10-01 06:28:40 AM","2012-10-01 06:31:16 AM","2.6"
"E","RIVE03","2012-10-01 06:43:00 AM","2012-10-01 06:44:42 AM","1.7"
"E","VOLL02","2012-10-01 06:44:27 AM","2012-10-01 06:47:34 AM","3.12"
"E","PLGE01","2012-10-01 06:47:20 AM","2012-10-01 06:49:31 AM","2.18"
"E","CRIG00","2012-10-01 06:48:25 AM","2012-10-01 06:51:28 AM","3.05"
"E","MGRE00","2012-10-01 06:49:29 AM","2012-10-01 06:52:15 AM","2.77"
"E","TCRE00","2012-10-01 06:50:13 AM","2012-10-01 06:52:46 AM","2.55"
"E","RUTH00","2012-10-01 06:50:48 AM","2012-10-01 06:53:12 AM","2.4"
"E","BOIS00","2012-10-01 06:52:02 AM","2012-10-01 06:54:04 AM","2.03"
"E","BLTE00","2012-10-01 06:52:37 AM","2012-10-01 06:54:31 AM","1.9"
"E","VSNA00","2012-10-01 06:53:20 AM","2012-10-01 06:56:01 AM","2.68"
"E","BISE00","2012-10-01 06:55:02 AM","2012-10-01 06:57:58 AM","2.93"
"E","BOCA00","2012-10-01 06:56:40 AM","2012-10-01 06:59:07 AM","2.45"
"E","BELL00","2012-10-01 06:57:45 AM","2012-10-01 07:00:04 AM","2.32"
"E","CLGE00","2012-10-01 06:58:40 AM","2012-10-01 07:01:05 AM","2.42"
"E","RSMA00","2012-10-01 06:59:30 AM","2012-10-01 07:01:54 AM","2.4"
"E","SVON00","2012-10-01 06:59:56 AM","2012-10-01 07:02:20 AM","2.4"
"E","GAIU00","2012-10-01 07:00:34 AM","2012-10-01 07:02:52 AM","2.3"
"E","CIPO00","2012-10-01 07:01:40 AM","2012-10-01 07:03:45 AM","2.08"
"E","PPAL00","2012-10-01 07:02:20 AM","2012-10-01 07:04:17 AM","1.95"
"E","NAIS00","2012-10-01 07:03:22 AM","2012-10-01 07:05:06 AM","1.73"
"E","MARG00","2012-10-01 07:03:56 AM","2012-10-01 07:05:50 AM","1.9"
"E","ANRS00","2012-10-01 07:05:00 AM","2012-10-01 07:07:01 AM","2.02"
"E","CRBS00","2012-10-01 07:06:07 AM","2012-10-01 07:08:10 AM","2.05"
"E","CHVA00","2012-10-01 07:06:44 AM","2012-10-01 07:08:50 AM","2.1"
"E","SSCH00","2012-10-01 07:07:41 AM","2012-10-01 07:09:53 AM","2.2"
"E","GRAV00","2012-10-01 07:08:16 AM","2012-10-01 07:10:25 AM","2.15"
"E","VLLA00","2012-10-01 07:09:22 AM","2012-10-01 07:11:00 AM","1.63"
"E","TRIZ00","2012-10-01 07:10:11 AM","2012-10-01 07:11:27 AM","1.27"
"E","HERM00","2012-10-01 07:11:20 AM","2012-10-01 07:12:46 AM","1.43"
"E","HERM00","2012-10-01 07:19:00 AM","2012-10-01 07:20:01 AM","1.02"
"E","TRIZ01","2012-10-01 07:20:25 AM","2012-10-01 07:21:32 AM","1.12"
"E","VLLA01","2012-10-01 07:21:36 AM","2012-10-01 07:22:34 AM","0.97"
"E","GRAV01","2012-10-01 07:22:45 AM","2012-10-01 07:23:30 AM","0.75"
"E","SSCH01","2012-10-01 07:23:31 AM","2012-10-01 07:24:32 AM","1.02"
"E","CHVA01","2012-10-01 07:25:00 AM","2012-10-01 07:25:39 AM","0.65"
"E","CRBS01","2012-10-01 07:25:46 AM","2012-10-01 07:26:28 AM","0.7"
"E","ANRS01","2012-10-01 07:27:00 AM","2012-10-01 07:27:41 AM","0.68"
"E","MARG01","2012-10-01 07:28:14 AM","2012-10-01 07:29:03 AM","0.82"
"E","NAIS01","2012-10-01 07:28:54 AM","2012-10-01 07:29:53 AM","0.98"
"E","PPAL01","2012-10-01 07:30:11 AM","2012-10-01 07:30:57 AM","0.77"
"E","CIPO01","2012-10-01 07:31:00 AM","2012-10-01 07:32:03 AM","1.05"
"E","GAIU01","2012-10-01 07:32:14 AM","2012-10-01 07:33:05 AM","0.85"
"E","SVON01","2012-10-01 07:33:12 AM","2012-10-01 07:33:59 AM","0.78"
"E","CLGE01","2012-10-01 07:34:40 AM","2012-10-01 07:35:52 AM","1.2"
"E","BELL01","2012-10-01 07:35:51 AM","2012-10-01 07:37:01 AM","1.17"
"E","BOCA01","2012-10-01 07:37:00 AM","2012-10-01 07:38:07 AM","1.12"
"E","BISE01","2012-10-01 07:39:10 AM","2012-10-01 07:44:31 AM","5.35"
"E","VSNA01","2012-10-01 07:40:40 AM","2012-10-01 07:52:28 AM","11.8"
"E","BLTE01","2012-10-01 07:42:07 AM","2012-10-01 07:54:37 AM","12.5"
"E","BOIS01","2012-10-01 07:42:40 AM","2012-10-01 07:54:55 AM","12.25"
"E","RUTH01","2012-10-01 07:44:16 AM","2012-10-01 07:55:49 AM","11.55"
"E","TCRE01","2012-10-01 07:44:55 AM","2012-10-01 07:56:10 AM","11.25"
"E","MGRE01","2012-10-01 07:45:47 AM","2012-10-01 07:56:36 AM","10.82"
"E","CRIG01","2012-10-01 07:47:08 AM","2012-10-01 07:57:16 AM","10.13"
"E","PLGE03","2012-10-01 07:48:20 AM","2012-10-01 07:58:39 AM","10.32"
"E","AUBI00","2012-10-01 07:52:49 AM","2012-10-01 08:02:08 AM","9.32"
"E","VOLL00","2012-10-01 07:53:39 AM","2012-10-01 08:03:05 AM","9.43"
"E","RLAC00","2012-10-01 07:55:00 AM","2012-10-01 08:05:04 AM","10.07"
"E","PLEV00","2012-10-01 07:56:03 AM","2012-10-01 08:06:56 AM","10.88"
"E","RIVE04","2012-10-01 07:57:00 AM","2012-10-01 08:08:55 AM","11.92"
"E","RIVE03","2012-10-01 08:07:00 AM","2012-10-01 08:11:09 AM","4.15"
"E","VOLL02","2012-10-01 08:08:41 AM","2012-10-01 08:14:07 AM","5.43"
"E","PLGE01","2012-10-01 08:12:00 AM","2012-10-01 08:16:02 AM","4.03"
"E","CRIG00","2012-10-01 08:13:12 AM","2012-10-01 08:17:11 AM","3.98"
"E","MGRE00","2012-10-01 08:14:24 AM","2012-10-01 08:18:04 AM","3.67"
"E","TCRE00","2012-10-01 08:15:13 AM","2012-10-01 08:18:31 AM","3.3"
"E","RUTH00","2012-10-01 08:15:51 AM","2012-10-01 08:19:10 AM","3.32"
"E","BOIS00","2012-10-01 08:17:14 AM","2012-10-01 08:20:44 AM","3.5"
"E","BLTE00","2012-10-01 08:17:52 AM","2012-10-01 08:21:12 AM","3.33"
"E","VSNA00","2012-10-01 08:18:40 AM","2012-10-01 08:22:33 AM","3.88"
"E","BISE00","2012-10-01 08:20:43 AM","2012-10-01 08:24:31 AM","3.8"
"E","BOCA00","2012-10-01 08:22:40 AM","2012-10-01 08:25:43 AM","3.05"
"E","BELL00","2012-10-01 08:23:45 AM","2012-10-01 08:26:43 AM","2.97"
"E","CLGE00","2012-10-01 08:24:40 AM","2012-10-01 08:27:41 AM","3.02"
"E","RSMA00","2012-10-01 08:25:30 AM","2012-10-01 08:28:44 AM","3.23"
"E","SVON00","2012-10-01 08:25:56 AM","2012-10-01 08:29:24 AM","3.47"
"E","GAIU00","2012-10-01 08:26:34 AM","2012-10-01 08:30:11 AM","3.62"
"E","CIPO00","2012-10-01 08:27:40 AM","2012-10-01 08:31:12 AM","3.53"
"E","PPAL00","2012-10-01 08:28:24 AM","2012-10-01 08:31:57 AM","3.55"
"E","NAIS00","2012-10-01 08:29:32 AM","2012-10-01 08:32:52 AM","3.33"
"E","MARG00","2012-10-01 08:30:09 AM","2012-10-01 08:33:42 AM","3.55"
"E","ANRS00","2012-10-01 08:31:20 AM","2012-10-01 08:34:43 AM","3.38"
"E","CRBS00","2012-10-01 08:32:27 AM","2012-10-01 08:35:51 AM","3.4"
"E","CHVA00","2012-10-01 08:33:04 AM","2012-10-01 08:36:21 AM","3.28"
"E","SSCH00","2012-10-01 08:34:01 AM","2012-10-01 08:37:07 AM","3.1"
"E","GRAV00","2012-10-01 08:34:36 AM","2012-10-01 08:37:56 AM","3.33"
"E","VLLA00","2012-10-01 08:35:42 AM","2012-10-01 08:39:00 AM","3.3"
"E","TRIZ00","2012-10-01 08:36:31 AM","2012-10-01 08:39:46 AM","3.25"
"E","HERM00","2012-10-01 08:37:40 AM","2012-10-01 08:40:38 AM","2.97"
"E","HERM00","2012-10-01 08:45:00 AM","2012-10-01 08:45:22 AM","0.37"
"E","TRIZ01","2012-10-01 08:46:18 AM","2012-10-01 08:46:33 AM","0.25"
"E","VLLA01","2012-10-01 08:47:23 AM","2012-10-01 08:47:10 AM","-0.22"
"E","GRAV01","2012-10-01 08:48:26 AM","2012-10-01 08:47:59 AM","-0.45"
"E","SSCH01","2012-10-01 08:49:08 AM","2012-10-01 08:48:53 AM","-0.25"
"E","CHVA01","2012-10-01 08:50:30 AM","2012-10-01 08:49:48 AM","-0.7"
"E","CRBS01","2012-10-01 08:51:12 AM","2012-10-01 08:50:21 AM","-0.85"
"E","ANRS01","2012-10-01 08:52:20 AM","2012-10-01 08:51:25 AM","-0.92"
"E","MARG01","2012-10-01 08:53:22 AM","2012-10-01 08:52:26 AM","-0.93"
"E","NAIS01","2012-10-01 08:53:55 AM","2012-10-01 08:52:57 AM","-0.97"
"E","PPAL01","2012-10-01 08:54:59 AM","2012-10-01 08:53:47 AM","-1.2"
"E","CIPO01","2012-10-01 08:55:40 AM","2012-10-01 08:54:41 AM","-0.98"
"E","GAIU01","2012-10-01 08:56:42 AM","2012-10-01 08:55:40 AM","-1.03"
"E","SVON01","2012-10-01 08:57:30 AM","2012-10-01 08:56:38 AM","-0.87"
"E","RSMA01","2012-10-01 08:57:59 AM","2012-10-01 08:57:08 AM","-0.85"
"E","CLGE01","2012-10-01 08:58:43 AM","2012-10-01 08:57:51 AM","-0.87"
"E","BELL01","2012-10-01 08:59:44 AM","2012-10-01 08:59:04 AM","-0.67"
"E","BOCA01","2012-10-01 09:00:43 AM","2012-10-01 09:00:01 AM","-0.7"
"E","BISE01","2012-10-01 09:02:17 AM","2012-10-01 09:01:14 AM","-1.05"
"E","VSNA01","2012-10-01 09:03:23 AM","2012-10-01 09:02:38 AM","-0.75"
"E","BLTE01","2012-10-01 09:04:39 AM","2012-10-01 09:04:08 AM","-0.52"
"E","BOIS01","2012-10-01 09:05:07 AM","2012-10-01 09:04:25 AM","-0.7"
"E","RUTH01","2012-10-01 09:06:31 AM","2012-10-01 09:05:23 AM","-1.13"
"E","TCRE01","2012-10-01 09:07:05 AM","2012-10-01 09:05:46 AM","-1.32"
"E","MGRE01","2012-10-01 09:07:50 AM","2012-10-01 09:06:12 AM","-1.63"
"E","CRIG01","2012-10-01 09:09:00 AM","2012-10-01 09:06:52 AM","-2.13"
"E","PLGE03","2012-10-01 09:10:03 AM","2012-10-01 09:09:08 AM","-0.92"
"E","AUBI00","2012-10-01 09:14:32 AM","2012-10-01 09:11:45 AM","-2.78"
"E","VOLL00","2012-10-01 09:15:22 AM","2012-10-01 09:12:58 AM","-2.4"
"E","PLEV00","2012-10-01 09:17:46 AM","2012-10-01 09:18:53 AM","1.12"
"E","RIVE04","2012-10-01 09:18:43 AM","2012-10-01 09:19:46 AM","1.05"
"E","RIVE03","2012-10-01 09:33:00 AM","2012-10-01 09:32:36 AM","-0.4"
"E","VOLL02","2012-10-01 09:34:41 AM","2012-10-01 09:35:31 AM","0.83"
"E","PLGE01","2012-10-01 09:38:00 AM","2012-10-01 09:37:47 AM","-0.22"
"E","CRIG00","2012-10-01 09:39:09 AM","2012-10-01 09:39:11 AM","0.03"
"E","MGRE00","2012-10-01 09:40:16 AM","2012-10-01 09:39:55 AM","-0.35"
"E","TCRE00","2012-10-01 09:41:03 AM","2012-10-01 09:40:23 AM","-0.67"
"E","RUTH00","2012-10-01 09:41:39 AM","2012-10-01 09:40:46 AM","-0.88"
"E","BOIS00","2012-10-01 09:42:58 AM","2012-10-01 09:42:16 AM","-0.7"
"E","BLTE00","2012-10-01 09:43:35 AM","2012-10-01 09:42:55 AM","-0.67"
"E","VSNA00","2012-10-01 09:44:20 AM","2012-10-01 09:44:05 AM","-0.25"
"E","BISE00","2012-10-01 09:46:13 AM","2012-10-01 09:46:30 AM","0.28"
"E","BOCA00","2012-10-01 09:48:00 AM","2012-10-01 09:47:44 AM","-0.27"
"E","BELL00","2012-10-01 09:49:05 AM","2012-10-01 09:48:45 AM","-0.33"
"E","CLGE00","2012-10-01 09:50:00 AM","2012-10-01 09:49:44 AM","-0.27"
"E","RSMA00","2012-10-01 09:50:50 AM","2012-10-01 09:50:26 AM","-0.4"
"E","SVON00","2012-10-01 09:51:16 AM","2012-10-01 09:50:59 AM","-0.28"
"E","GAIU00","2012-10-01 09:51:54 AM","2012-10-01 09:51:52 AM","-0.03"
"E","CIPO00","2012-10-01 09:53:00 AM","2012-10-01 09:52:58 AM","-0.03"
"E","PPAL00","2012-10-01 09:53:40 AM","2012-10-01 09:53:32 AM","-0.13"
"E","NAIS00","2012-10-01 09:54:42 AM","2012-10-01 09:54:25 AM","-0.28"
"E","MARG00","2012-10-01 09:55:16 AM","2012-10-01 09:55:13 AM","-0.05"
"E","ANRS00","2012-10-01 09:56:20 AM","2012-10-01 09:56:18 AM","-0.03"
"E","CRBS00","2012-10-01 09:57:23 AM","2012-10-01 09:57:07 AM","-0.27"
"E","CHVA00","2012-10-01 09:57:59 AM","2012-10-01 09:57:41 AM","-0.3"
"E","SSCH00","2012-10-01 09:58:53 AM","2012-10-01 09:58:47 AM","-0.1"
"E","GRAV00","2012-10-01 09:59:26 AM","2012-10-01 09:59:21 AM","-0.08"
"E","VLLA00","2012-10-01 10:00:28 AM","2012-10-01 10:00:30 AM","0.03"
"E","TRIZ00","2012-10-01 10:01:15 AM","2012-10-01 10:01:12 AM","-0.05"
"E","HERM00","2012-10-01 10:02:20 AM","2012-10-01 10:02:03 AM","-0.28"
"E","HERM00","2012-10-01 10:07:00 AM","2012-10-01 10:07:46 AM","0.77"
"E","TRIZ01","2012-10-01 10:08:14 AM","2012-10-01 10:09:03 AM","0.82"
"E","VLLA01","2012-10-01 10:09:16 AM","2012-10-01 10:09:41 AM","0.42"
"E","GRAV01","2012-10-01 10:10:17 AM","2012-10-01 10:10:36 AM","0.32"
"E","SSCH01","2012-10-01 10:10:57 AM","2012-10-01 10:11:22 AM","0.42"
"E","CHVA01","2012-10-01 10:12:15 AM","2012-10-01 10:12:19 AM","0.07"
"E","CRBS01","2012-10-01 10:12:55 AM","2012-10-01 10:13:14 AM","0.32"
"E","ANRS01","2012-10-01 10:14:00 AM","2012-10-01 10:14:32 AM","0.53"
"E","MARG01","2012-10-01 10:15:02 AM","2012-10-01 10:15:40 AM","0.63"
"E","NAIS01","2012-10-01 10:15:35 AM","2012-10-01 10:16:09 AM","0.57"
"E","PPAL01","2012-10-01 10:16:39 AM","2012-10-01 10:17:05 AM","0.43"
"E","CIPO01","2012-10-01 10:17:20 AM","2012-10-01 10:18:04 AM","0.73"
"E","GAIU01","2012-10-01 10:18:28 AM","2012-10-01 10:19:07 AM","0.65"
"E","SVON01","2012-10-01 10:19:20 AM","2012-10-01 10:20:06 AM","0.77"
"E","RSMA01","2012-10-01 10:19:52 AM","2012-10-01 10:20:35 AM","0.72"
"E","CLGE01","2012-10-01 10:20:40 AM","2012-10-01 10:21:25 AM","0.75"
"E","BELL01","2012-10-01 10:21:41 AM","2012-10-01 10:22:30 AM","0.82"
"E","BOCA01","2012-10-01 10:22:40 AM","2012-10-01 10:23:14 AM","0.57"
"E","BISE01","2012-10-01 10:24:14 AM","2012-10-01 10:24:19 AM","0.08"
"E","VSNA01","2012-10-01 10:25:20 AM","2012-10-01 10:25:52 AM","0.53"
"E","BLTE01","2012-10-01 10:26:40 AM","2012-10-01 10:27:15 AM","0.58"
"E","BOIS01","2012-10-01 10:27:09 AM","2012-10-01 10:27:33 AM","0.4"
"E","RUTH01","2012-10-01 10:28:37 AM","2012-10-01 10:28:27 AM","-0.17"
"E","TCRE01","2012-10-01 10:29:13 AM","2012-10-01 10:28:49 AM","-0.4"
"E","MGRE01","2012-10-01 10:30:00 AM","2012-10-01 10:29:29 AM","-0.52"
"E","CRIG01","2012-10-01 10:31:14 AM","2012-10-01 10:30:27 AM","-0.78"
"E","PLGE03","2012-10-01 10:32:20 AM","2012-10-01 10:33:06 AM","0.77"
"E","AUBI00","2012-10-01 10:36:28 AM","2012-10-01 10:35:46 AM","-0.7"
"E","VOLL00","2012-10-01 10:37:15 AM","2012-10-01 10:36:37 AM","-0.63"
"E","RLAC00","2012-10-01 10:38:29 AM","2012-10-01 10:38:11 AM","-0.3"
"E","PLEV00","2012-10-01 10:39:27 AM","2012-10-01 10:41:11 AM","1.73"
"E","RIVE04","2012-10-01 10:40:20 AM","2012-10-01 10:43:22 AM","3.03"
"E","RIVE03","2012-10-01 11:03:00 AM","2012-10-01 11:03:26 AM","0.43"
"E","VOLL02","2012-10-01 11:04:41 AM","2012-10-01 11:05:47 AM","1.1"
"E","PLGE01","2012-10-01 11:08:00 AM","2012-10-01 11:08:11 AM","0.18"
"E","CRIG00","2012-10-01 11:09:01 AM","2012-10-01 11:09:08 AM","0.12"
"E","MGRE00","2012-10-01 11:10:02 AM","2012-10-01 11:10:04 AM","0.03"
"E","TCRE00","2012-10-01 11:10:44 AM","2012-10-01 11:10:47 AM","0.05"
"E","RUTH00","2012-10-01 11:11:16 AM","2012-10-01 11:11:11 AM","-0.08"
"E","BOIS00","2012-10-01 11:12:26 AM","2012-10-01 11:12:18 AM","-0.13"
"E","BLTE00","2012-10-01 11:12:59 AM","2012-10-01 11:13:41 AM","0.7"
"E","VSNA00","2012-10-01 11:13:40 AM","2012-10-01 11:14:47 AM","1.12"
"E","BISE00","2012-10-01 11:15:33 AM","2012-10-01 11:17:14 AM","1.68"
"E","BOCA00","2012-10-01 11:17:20 AM","2012-10-01 11:18:25 AM","1.08"
"E","BELL00","2012-10-01 11:18:25 AM","2012-10-01 11:19:21 AM","0.93"
"E","CLGE00","2012-10-01 11:19:20 AM","2012-10-01 11:20:14 AM","0.9"
"E","RSMA00","2012-10-01 11:20:10 AM","2012-10-01 11:20:57 AM","0.78"
"E","SVON00","2012-10-01 11:20:36 AM","2012-10-01 11:21:27 AM","0.85"
"E","GAIU00","2012-10-01 11:21:14 AM","2012-10-01 11:22:19 AM","1.08"
"E","CIPO00","2012-10-01 11:22:20 AM","2012-10-01 11:23:23 AM","1.05"
"E","PPAL00","2012-10-01 11:23:00 AM","2012-10-01 11:24:09 AM","1.15"
"E","NAIS00","2012-10-01 11:24:02 AM","2012-10-01 11:25:07 AM","1.08"
"E","MARG00","2012-10-01 11:24:36 AM","2012-10-01 11:25:46 AM","1.17"
"E","ANRS00","2012-10-01 11:25:40 AM","2012-10-01 11:26:55 AM","1.25"
"E","CRBS00","2012-10-01 11:26:43 AM","2012-10-01 11:27:45 AM","1.03"
"E","CHVA00","2012-10-01 11:27:19 AM","2012-10-01 11:28:22 AM","1.05"
"E","SSCH00","2012-10-01 11:28:13 AM","2012-10-01 11:29:32 AM","1.32"
"E","GRAV00","2012-10-01 11:28:46 AM","2012-10-01 11:30:06 AM","1.33"
"E","VLLA00","2012-10-01 11:29:48 AM","2012-10-01 11:30:49 AM","1.02"
"E","TRIZ00","2012-10-01 11:30:35 AM","2012-10-01 11:31:20 AM","0.75"
"E","HERM00","2012-10-01 11:31:40 AM","2012-10-01 11:32:01 AM","0.35"
"E","HERM00","2012-10-01 11:37:00 AM","2012-10-01 11:36:55 AM","-0.08"
"E","TRIZ01","2012-10-01 11:38:14 AM","2012-10-01 11:38:07 AM","-0.12"
"E","VLLA01","2012-10-01 11:39:16 AM","2012-10-01 11:38:46 AM","-0.5"
"E","GRAV01","2012-10-01 11:40:17 AM","2012-10-01 11:39:33 AM","-0.73"
"E","SSCH01","2012-10-01 11:40:57 AM","2012-10-01 11:40:21 AM","-0.6"
"E","CHVA01","2012-10-01 11:42:15 AM","2012-10-01 11:41:17 AM","-0.97"
"E","CRBS01","2012-10-01 11:42:55 AM","2012-10-01 11:41:52 AM","-1.05"
"E","ANRS01","2012-10-01 11:44:00 AM","2012-10-01 11:43:00 AM","-1.0"
"E","MARG01","2012-10-01 11:45:08 AM","2012-10-01 11:44:17 AM","-0.85"
"E","NAIS01","2012-10-01 11:45:44 AM","2012-10-01 11:45:06 AM","-0.63"
"E","PPAL01","2012-10-01 11:46:55 AM","2012-10-01 11:46:06 AM","-0.82"
"E","CIPO01","2012-10-01 11:47:40 AM","2012-10-01 11:47:01 AM","-0.65"
"E","GAIU01","2012-10-01 11:48:48 AM","2012-10-01 11:47:47 AM","-1.02"
"E","SVON01","2012-10-01 11:49:40 AM","2012-10-01 11:48:30 AM","-1.17"
"E","CLGE01","2012-10-01 11:51:00 AM","2012-10-01 11:50:11 AM","-0.82"
"E","BELL01","2012-10-01 11:52:11 AM","2012-10-01 11:51:19 AM","-0.87"
"E","BOCA01","2012-10-01 11:53:20 AM","2012-10-01 11:52:33 AM","-0.78"
"E","BISE01","2012-10-01 11:55:06 AM","2012-10-01 11:53:56 AM","-1.17"
"E","VSNA01","2012-10-01 11:56:20 AM","2012-10-01 11:55:33 AM","-0.78"
"E","BLTE01","2012-10-01 11:57:44 AM","2012-10-01 11:57:15 AM","-0.48"
"E","BOIS01","2012-10-01 11:58:15 AM","2012-10-01 11:57:47 AM","-0.47"
"E","RUTH01","2012-10-01 11:59:46 AM","2012-10-01 11:59:33 AM","-0.22"
"E","TCRE01","2012-10-01 12:00:24 PM","2012-10-01 12:00:27 PM","0.05"
"E","MGRE01","2012-10-01 12:01:14 PM","2012-10-01 12:01:09 PM","-0.08"
"E","CRIG01","2012-10-01 12:02:31 PM","2012-10-01 12:02:12 PM","-0.32"
"E","PLGE03","2012-10-01 12:03:40 PM","2012-10-01 12:05:18 PM","1.63"
"E","AUBI00","2012-10-01 12:07:38 PM","2012-10-01 12:08:16 PM","0.63"
"E","VOLL00","2012-10-01 12:08:22 PM","2012-10-01 12:09:03 PM","0.68"
"E","RLAC00","2012-10-01 12:09:34 PM","2012-10-01 12:10:14 PM","0.67"
"E","PLEV00","2012-10-01 12:10:30 PM","2012-10-01 12:12:43 PM","2.22"
"E","RIVE04","2012-10-01 12:11:20 PM","2012-10-01 12:13:25 PM","2.08"
"E","RIVE03","2012-10-01 04:13:00 PM","2012-10-01 04:12:54 PM","-0.1"
"E","VOLL02","2012-10-01 04:15:01 PM","2012-10-01 04:15:13 PM","0.2"
"E","PLGE01","2012-10-01 04:19:00 PM","2012-10-01 04:17:41 PM","-1.32"
"E","CRIG00","2012-10-01 04:20:09 PM","2012-10-01 04:18:57 PM","-1.2"
"E","MGRE00","2012-10-01 04:21:16 PM","2012-10-01 04:19:52 PM","-1.4"
"E","TCRE00","2012-10-01 04:22:03 PM","2012-10-01 04:20:26 PM","-1.62"
"E","RUTH00","2012-10-01 04:22:39 PM","2012-10-01 04:21:09 PM","-1.5"
"E","BOIS00","2012-10-01 04:23:58 PM","2012-10-01 04:22:25 PM","-1.55"
"E","BLTE00","2012-10-01 04:24:35 PM","2012-10-01 04:23:11 PM","-1.4"
"E","VSNA00","2012-10-01 04:25:20 PM","2012-10-01 04:26:10 PM","0.83"
"E","BISE00","2012-10-01 04:27:02 PM","2012-10-01 04:27:39 PM","0.62"
"E","BOCA00","2012-10-01 04:28:40 PM","2012-10-01 04:28:40 PM","0.0"
"E","BELL00","2012-10-01 04:29:56 PM","2012-10-01 04:29:34 PM","-0.37"
"E","CLGE00","2012-10-01 04:31:00 PM","2012-10-01 04:30:26 PM","-0.57"
"E","RSMA00","2012-10-01 04:31:56 PM","2012-10-01 04:31:11 PM","-0.75"
"E","SVON00","2012-10-01 04:32:24 PM","2012-10-01 04:31:43 PM","-0.68"
"E","GAIU00","2012-10-01 04:33:07 PM","2012-10-01 04:32:16 PM","-0.85"
"E","CIPO00","2012-10-01 04:34:20 PM","2012-10-01 04:33:07 PM","-1.22"
"E","PPAL00","2012-10-01 04:35:00 PM","2012-10-01 04:33:39 PM","-1.35"
"E","NAIS00","2012-10-01 04:36:02 PM","2012-10-01 04:34:17 PM","-1.75"
"E","MARG00","2012-10-01 04:36:36 PM","2012-10-01 04:34:50 PM","-1.77"
"E","ANRS00","2012-10-01 04:37:40 PM","2012-10-01 04:36:02 PM","-1.63"
"E","CRBS00","2012-10-01 04:38:47 PM","2012-10-01 04:36:58 PM","-1.82"
"E","CHVA00","2012-10-01 04:39:24 PM","2012-10-01 04:37:28 PM","-1.93"
"E","SSCH00","2012-10-01 04:40:21 PM","2012-10-01 04:38:33 PM","-1.8"
"E","GRAV00","2012-10-01 04:40:56 PM","2012-10-01 04:39:24 PM","-1.53"
"E","VLLA00","2012-10-01 04:42:02 PM","2012-10-01 04:40:16 PM","-1.77"
"E","TRIZ00","2012-10-01 04:42:51 PM","2012-10-01 04:40:47 PM","-2.07"
"E","HERM00","2012-10-01 04:44:00 PM","2012-10-01 04:41:33 PM","-2.45"
"E","HERM00","2012-10-01 04:53:00 PM","2012-10-01 04:52:29 PM","-0.52"
"E","TRIZ01","2012-10-01 04:54:14 PM","2012-10-01 04:53:56 PM","-0.3"
"E","VLLA01","2012-10-01 04:55:16 PM","2012-10-01 04:54:41 PM","-0.58"
"E","GRAV01","2012-10-01 04:56:17 PM","2012-10-01 04:55:24 PM","-0.88"
"E","SSCH01","2012-10-01 04:56:57 PM","2012-10-01 04:56:07 PM","-0.83"
"E","CHVA01","2012-10-01 04:58:15 PM","2012-10-01 04:57:12 PM","-1.05"
"E","CRBS01","2012-10-01 04:58:55 PM","2012-10-01 04:57:54 PM","-1.02"
"E","ANRS01","2012-10-01 05:00:00 PM","2012-10-01 04:59:00 PM","-1.0"
"E","MARG01","2012-10-01 05:01:02 PM","2012-10-01 05:00:02 PM","-1.0"
"E","NAIS01","2012-10-01 05:01:35 PM","2012-10-01 05:00:28 PM","-1.12"
"E","PPAL01","2012-10-01 05:02:39 PM","2012-10-01 05:01:29 PM","-1.17"
"E","CIPO01","2012-10-01 05:03:20 PM","2012-10-01 05:02:22 PM","-0.97"
"E","GAIU01","2012-10-01 05:04:28 PM","2012-10-01 05:03:26 PM","-1.03"
"E","SVON01","2012-10-01 05:05:20 PM","2012-10-01 05:04:26 PM","-0.9"
"E","RSMA01","2012-10-01 05:05:52 PM","2012-10-01 05:04:55 PM","-0.95"
"E","CLGE01","2012-10-01 05:06:40 PM","2012-10-01 05:05:45 PM","-0.92"
"E","BELL01","2012-10-01 05:07:51 PM","2012-10-01 05:07:01 PM","-0.83"
"E","BOCA01","2012-10-01 05:09:00 PM","2012-10-01 05:07:59 PM","-1.02"
"E","BISE01","2012-10-01 05:10:46 PM","2012-10-01 05:09:19 PM","-1.45"
"E","VSNA01","2012-10-01 05:12:00 PM","2012-10-01 05:10:59 PM","-1.02"
"E","BLTE01","2012-10-01 05:13:27 PM","2012-10-01 05:12:10 PM","-1.28"
"E","BOIS01","2012-10-01 05:14:00 PM","2012-10-01 05:12:30 PM","-1.5"
"E","RUTH01","2012-10-01 05:15:36 PM","2012-10-01 05:13:56 PM","-1.67"
"E","TCRE01","2012-10-01 05:16:15 PM","2012-10-01 05:14:35 PM","-1.67"
"E","MGRE01","2012-10-01 05:17:07 PM","2012-10-01 05:15:08 PM","-1.98"
"E","CRIG01","2012-10-01 05:18:28 PM","2012-10-01 05:15:54 PM","-2.57"
"E","PLGE03","2012-10-01 05:19:40 PM","2012-10-01 05:17:30 PM","-2.17"
"E","AUBI00","2012-10-01 05:23:58 PM","2012-10-01 05:20:52 PM","-3.1"
"E","VOLL00","2012-10-01 05:24:47 PM","2012-10-01 05:22:14 PM","-2.55"
"E","PLEV00","2012-10-01 05:27:05 PM","2012-10-01 05:24:52 PM","-2.22"
"E","RIVE03","2012-10-01 05:37:00 PM","2012-10-01 05:36:21 PM","-0.65"
"E","VOLL02","2012-10-01 05:39:15 PM","2012-10-01 05:40:09 PM","0.9"
"E","PLGE01","2012-10-01 05:43:40 PM","2012-10-01 05:42:36 PM","-1.07"
"E","CRIG00","2012-10-01 05:45:00 PM","2012-10-01 05:43:55 PM","-1.08"
"E","MGRE00","2012-10-01 05:46:18 PM","2012-10-01 05:45:02 PM","-1.27"
"E","TCRE00","2012-10-01 05:47:12 PM","2012-10-01 05:45:45 PM","-1.45"
"E","RUTH00","2012-10-01 05:47:54 PM","2012-10-01 05:46:20 PM","-1.57"
"E","BOIS00","2012-10-01 05:49:25 PM","2012-10-01 05:48:06 PM","-1.32"
"E","BLTE00","2012-10-01 05:50:08 PM","2012-10-01 05:49:12 PM","-0.93"
"E","VSNA00","2012-10-01 05:51:00 PM","2012-10-01 05:50:45 PM","-0.25"
"E","BISE00","2012-10-01 05:52:53 PM","2012-10-01 05:52:49 PM","-0.07"
"E","BOCA00","2012-10-01 05:54:40 PM","2012-10-01 05:53:58 PM","-0.7"
"E","BELL00","2012-10-01 05:55:45 PM","2012-10-01 05:54:55 PM","-0.83"
"E","CLGE00","2012-10-01 05:56:40 PM","2012-10-01 05:55:50 PM","-0.83"
"E","RSMA00","2012-10-01 05:57:36 PM","2012-10-01 05:56:52 PM","-0.73"
"E","SVON00","2012-10-01 05:58:04 PM","2012-10-01 05:57:32 PM","-0.53"
"E","GAIU00","2012-10-01 05:58:47 PM","2012-10-01 05:58:19 PM","-0.47"
"E","CIPO00","2012-10-01 06:00:00 PM","2012-10-01 05:59:18 PM","-0.7"
"E","PPAL00","2012-10-01 06:00:44 PM","2012-10-01 06:00:04 PM","-0.67"
"E","NAIS00","2012-10-01 06:01:52 PM","2012-10-01 06:01:05 PM","-0.78"
"E","MARG00","2012-10-01 06:02:29 PM","2012-10-01 06:02:04 PM","-0.42"
"E","ANRS00","2012-10-01 06:03:40 PM","2012-10-01 06:03:08 PM","-0.53"
"E","CRBS00","2012-10-01 06:04:47 PM","2012-10-01 06:04:09 PM","-0.63"
"E","CHVA00","2012-10-01 06:05:24 PM","2012-10-01 06:04:40 PM","-0.73"
"E","SSCH00","2012-10-01 06:06:21 PM","2012-10-01 06:05:28 PM","-0.88"
"E","GRAV00","2012-10-01 06:06:56 PM","2012-10-01 06:06:17 PM","-0.65"
"E","VLLA00","2012-10-01 06:08:02 PM","2012-10-01 06:07:19 PM","-0.72"
"E","TRIZ00","2012-10-01 06:08:51 PM","2012-10-01 06:08:00 PM","-0.85"
"E","HERM00","2012-10-01 06:10:00 PM","2012-10-01 06:08:43 PM","-1.28"
"E","HERM00","2012-10-01 06:17:00 PM","2012-10-01 06:15:53 PM","-1.12"
"E","TRIZ01","2012-10-01 06:18:14 PM","2012-10-01 06:17:47 PM","-0.45"
"E","VLLA01","2012-10-01 06:19:16 PM","2012-10-01 06:18:44 PM","-0.53"
"E","GRAV01","2012-10-01 06:20:17 PM","2012-10-01 06:19:32 PM","-0.75"
"E","SSCH01","2012-10-01 06:20:57 PM","2012-10-01 06:20:02 PM","-0.92"
"E","CHVA01","2012-10-01 06:22:15 PM","2012-10-01 06:20:51 PM","-1.4"
"E","CRBS01","2012-10-01 06:22:55 PM","2012-10-01 06:21:14 PM","-1.68"
"E","ANRS01","2012-10-01 06:24:00 PM","2012-10-01 06:22:33 PM","-1.45"
"E","MARG01","2012-10-01 06:25:02 PM","2012-10-01 06:23:29 PM","-1.55"
"E","NAIS01","2012-10-01 06:25:35 PM","2012-10-01 06:23:56 PM","-1.65"
"E","PPAL01","2012-10-01 06:26:39 PM","2012-10-01 06:24:42 PM","-1.95"
"E","CIPO01","2012-10-01 06:27:20 PM","2012-10-01 06:25:53 PM","-1.45"
"E","GAIU01","2012-10-01 06:28:28 PM","2012-10-01 06:26:57 PM","-1.52"
"E","SVON01","2012-10-01 06:29:20 PM","2012-10-01 06:27:55 PM","-1.42"
"E","RSMA01","2012-10-01 06:29:52 PM","2012-10-01 06:28:25 PM","-1.45"
"E","CLGE01","2012-10-01 06:30:40 PM","2012-10-01 06:29:13 PM","-1.45"
"E","BELL01","2012-10-01 06:31:41 PM","2012-10-01 06:30:25 PM","-1.27"
"E","BOCA01","2012-10-01 06:32:40 PM","2012-10-01 06:31:17 PM","-1.38"
"E","BISE01","2012-10-01 06:34:14 PM","2012-10-01 06:32:32 PM","-1.7"
"E","VSNA01","2012-10-01 06:35:20 PM","2012-10-01 06:33:58 PM","-1.37"
"E","BLTE01","2012-10-01 06:36:36 PM","2012-10-01 06:35:19 PM","-1.28"
"E","BOIS01","2012-10-01 06:37:04 PM","2012-10-01 06:35:37 PM","-1.45"
"E","RUTH01","2012-10-01 06:38:28 PM","2012-10-01 06:36:45 PM","-1.72"
"E","TCRE01","2012-10-01 06:39:02 PM","2012-10-01 06:37:15 PM","-1.78"
"E","MGRE01","2012-10-01 06:39:47 PM","2012-10-01 06:37:51 PM","-1.93"
"E","CRIG01","2012-10-01 06:40:57 PM","2012-10-01 06:38:42 PM","-2.25"
"E","PLGE03","2012-10-01 06:42:00 PM","2012-10-01 06:40:10 PM","-1.83"
"E","AUBI00","2012-10-01 06:46:18 PM","2012-10-01 06:43:50 PM","-2.47"
"E","VOLL00","2012-10-01 06:47:07 PM","2012-10-01 06:44:34 PM","-2.55"
"E","PLEV00","2012-10-01 06:49:25 PM","2012-10-01 06:46:45 PM","-2.67"
"E","RIVE04","2012-10-01 06:50:20 PM","2012-10-01 06:47:44 PM","-2.6"
"E","RIVE03","2012-10-01 07:04:00 PM","2012-10-01 07:03:29 PM","-0.52"
"E","VOLL02","2012-10-01 07:06:08 PM","2012-10-01 07:06:14 PM","0.1"
"E","PLGE01","2012-10-01 07:10:20 PM","2012-10-01 07:08:37 PM","-1.72"
"E","CRIG00","2012-10-01 07:11:32 PM","2012-10-01 07:10:24 PM","-1.13"
"E","MGRE00","2012-10-01 07:12:44 PM","2012-10-01 07:11:24 PM","-1.33"
"E","TCRE00","2012-10-01 07:13:33 PM","2012-10-01 07:12:16 PM","-1.28"
"E","RUTH00","2012-10-01 07:14:11 PM","2012-10-01 07:12:56 PM","-1.25"
"E","BOIS00","2012-10-01 07:15:34 PM","2012-10-01 07:14:11 PM","-1.38"
"E","BLTE00","2012-10-01 07:16:12 PM","2012-10-01 07:14:58 PM","-1.23"
"E","VSNA00","2012-10-01 07:17:00 PM","2012-10-01 07:17:14 PM","0.23"
"E","BISE00","2012-10-01 07:18:42 PM","2012-10-01 07:19:16 PM","0.57"
"E","BOCA00","2012-10-01 07:20:20 PM","2012-10-01 07:20:23 PM","0.05"
"E","BELL00","2012-10-01 07:21:14 PM","2012-10-01 07:21:11 PM","-0.05"
"E","CLGE00","2012-10-01 07:22:00 PM","2012-10-01 07:22:08 PM","0.13"
"E","RSMA00","2012-10-01 07:22:50 PM","2012-10-01 07:23:00 PM","0.17"
"E","SVON00","2012-10-01 07:23:16 PM","2012-10-01 07:23:33 PM","0.28"
"E","GAIU00","2012-10-01 07:23:54 PM","2012-10-01 07:24:23 PM","0.48"
"E","CIPO00","2012-10-01 07:25:00 PM","2012-10-01 07:25:22 PM","0.37"
"E","PPAL00","2012-10-01 07:25:40 PM","2012-10-01 07:25:55 PM","0.25"
"E","NAIS00","2012-10-01 07:26:42 PM","2012-10-01 07:26:44 PM","0.03"
"E","MARG00","2012-10-01 07:27:16 PM","2012-10-01 07:27:31 PM","0.25"
"E","ANRS00","2012-10-01 07:28:20 PM","2012-10-01 07:28:37 PM","0.28"
"E","CRBS00","2012-10-01 07:29:23 PM","2012-10-01 07:29:39 PM","0.27"
"E","CHVA00","2012-10-01 07:29:59 PM","2012-10-01 07:30:11 PM","0.2"
"E","SSCH00","2012-10-01 07:30:53 PM","2012-10-01 07:31:01 PM","0.13"
"E","GRAV00","2012-10-01 07:31:26 PM","2012-10-01 07:31:32 PM","0.1"
"E","VLLA00","2012-10-01 07:32:28 PM","2012-10-01 07:32:27 PM","-0.02"
"E","TRIZ00","2012-10-01 07:33:15 PM","2012-10-01 07:33:16 PM","0.02"
"E","HERM00","2012-10-01 07:34:20 PM","2012-10-01 07:34:08 PM","-0.2"
"E","HERM00","2012-10-01 06:47:00 AM","2012-10-01 06:47:14 AM","0.23"
"E","TRIZ01","2012-10-01 06:48:21 AM","2012-10-01 06:48:51 AM","0.5"
"E","VLLA01","2012-10-01 06:49:29 AM","2012-10-01 06:49:38 AM","0.15"
"E","GRAV01","2012-10-01 06:50:35 AM","2012-10-01 06:50:31 AM","-0.07"
"E","SSCH01","2012-10-01 06:51:20 AM","2012-10-01 06:51:25 AM","0.08"
"E","CHVA01","2012-10-01 06:52:45 AM","2012-10-01 06:52:30 AM","-0.25"
"E","CRBS01","2012-10-01 06:53:29 AM","2012-10-01 06:52:59 AM","-0.5"
"E","ANRS01","2012-10-01 06:54:40 AM","2012-10-01 06:54:03 AM","-0.62"
"E","MARG01","2012-10-01 06:55:54 AM","2012-10-01 06:55:20 AM","-0.57"
"E","NAIS01","2012-10-01 06:56:34 AM","2012-10-01 06:56:08 AM","-0.43"
"E","PPAL01","2012-10-01 06:57:51 AM","2012-10-01 06:57:26 AM","-0.42"
"E","CIPO01","2012-10-01 06:58:40 AM","2012-10-01 06:58:24 AM","-0.27"
"E","GAIU01","2012-10-01 06:59:48 AM","2012-10-01 06:59:52 AM","0.07"
"E","SVON01","2012-10-01 07:00:40 AM","2012-10-01 07:00:57 AM","0.28"
"E","CLGE01","2012-10-01 07:02:00 AM","2012-10-01 07:02:36 AM","0.6"
"E","BELL01","2012-10-01 07:03:01 AM","2012-10-01 07:03:42 AM","0.68"
"E","BOCA01","2012-10-01 07:04:00 AM","2012-10-01 07:04:30 AM","0.5"
"E","BISE01","2012-10-01 07:05:58 AM","2012-10-01 07:05:39 AM","-0.32"
"E","VSNA01","2012-10-01 07:07:20 AM","2012-10-01 07:11:02 AM","3.7"
"E","BLTE01","2012-10-01 07:08:44 AM","2012-10-01 07:12:44 AM","4.0"
"E","BOIS01","2012-10-01 07:09:15 AM","2012-10-01 07:13:13 AM","3.97"
"E","RUTH01","2012-10-01 07:10:46 AM","2012-10-01 07:14:24 AM","3.63"
"E","TCRE01","2012-10-01 07:11:24 AM","2012-10-01 07:15:03 AM","3.65"
"E","MGRE01","2012-10-01 07:12:14 AM","2012-10-01 07:15:43 AM","3.48"
"E","CRIG01","2012-10-01 07:13:31 AM","2012-10-01 07:16:23 AM","2.87"
"E","PLGE03","2012-10-01 07:14:40 AM","2012-10-01 07:18:52 AM","4.2"
"E","AUBI00","2012-10-01 07:19:09 AM","2012-10-01 07:20:59 AM","1.83"
"E","VOLL00","2012-10-01 07:19:59 AM","2012-10-01 07:21:44 AM","1.75"
"E","PLEV00","2012-10-01 07:22:23 AM","2012-10-01 07:24:44 AM","2.35"
"E","RIVE04","2012-10-01 07:23:20 AM","2012-10-01 07:26:11 AM","2.85"
"E","RIVE03","2012-10-01 07:30:00 AM","2012-10-01 07:30:09 AM","0.15"
"E","VOLL02","2012-10-01 07:31:41 AM","2012-10-01 07:33:39 AM","1.97"
"E","PLGE01","2012-10-01 07:35:00 AM","2012-10-01 07:36:04 AM","1.07"
"E","CRIG00","2012-10-01 07:36:09 AM","2012-10-01 07:37:02 AM","0.88"
"E","MGRE00","2012-10-01 07:37:16 AM","2012-10-01 07:37:51 AM","0.58"
"E","TCRE00","2012-10-01 07:38:03 AM","2012-10-01 07:38:53 AM","0.83"
"E","RUTH00","2012-10-01 07:38:39 AM","2012-10-01 07:39:42 AM","1.05"
"E","BOIS00","2012-10-01 07:39:58 AM","2012-10-01 07:41:40 AM","1.7"
"E","BLTE00","2012-10-01 07:40:35 AM","2012-10-01 07:42:20 AM","1.75"
"E","VSNA00","2012-10-01 07:41:20 AM","2012-10-01 07:43:17 AM","1.95"
"E","BISE00","2012-10-01 07:43:23 AM","2012-10-01 07:45:39 AM","2.27"
"E","BOCA00","2012-10-01 07:45:20 AM","2012-10-01 07:47:01 AM","1.68"
"E","BELL00","2012-10-01 07:46:25 AM","2012-10-01 07:47:59 AM","1.57"
"E","CLGE00","2012-10-01 07:47:20 AM","2012-10-01 07:48:52 AM","1.53"
"E","RSMA00","2012-10-01 07:48:10 AM","2012-10-01 07:49:40 AM","1.5"
"E","SVON00","2012-10-01 07:48:36 AM","2012-10-01 07:50:05 AM","1.48"
"E","GAIU00","2012-10-01 07:49:14 AM","2012-10-01 07:50:55 AM","1.68"
"E","CIPO00","2012-10-01 07:50:20 AM","2012-10-01 07:51:59 AM","1.65"
"E","PPAL00","2012-10-01 07:51:04 AM","2012-10-01 07:52:48 AM","1.73"
"E","NAIS00","2012-10-01 07:52:12 AM","2012-10-01 07:53:29 AM","1.28"
"E","MARG00","2012-10-01 07:52:49 AM","2012-10-01 07:53:53 AM","1.07"
"E","ANRS00","2012-10-01 07:54:00 AM","2012-10-01 07:54:46 AM","0.77"
"E","CRBS00","2012-10-01 07:55:07 AM","2012-10-01 07:55:42 AM","0.58"
"E","CHVA00","2012-10-01 07:55:44 AM","2012-10-01 07:56:07 AM","0.38"
"E","SSCH00","2012-10-01 07:56:41 AM","2012-10-01 07:56:46 AM","0.08"
"E","GRAV00","2012-10-01 07:57:16 AM","2012-10-01 07:57:42 AM","0.43"
"E","VLLA00","2012-10-01 07:58:22 AM","2012-10-01 07:58:58 AM","0.6"
"E","TRIZ00","2012-10-01 07:59:11 AM","2012-10-01 07:59:35 AM","0.4"
"E","HERM00","2012-10-01 08:00:20 AM","2012-10-01 08:00:26 AM","0.1"
"E","HERM00","2012-10-01 08:07:00 AM","2012-10-01 08:07:12 AM","0.2"
"E","TRIZ01","2012-10-01 08:08:18 AM","2012-10-01 08:08:44 AM","0.43"
"E","VLLA01","2012-10-01 08:09:23 AM","2012-10-01 08:09:47 AM","0.4"
"E","GRAV01","2012-10-01 08:10:26 AM","2012-10-01 08:10:42 AM","0.27"
"E","SSCH01","2012-10-01 08:11:08 AM","2012-10-01 08:11:21 AM","0.22"
"E","CHVA01","2012-10-01 08:12:30 AM","2012-10-01 08:12:09 AM","-0.35"
"E","CRBS01","2012-10-01 08:13:12 AM","2012-10-01 08:12:33 AM","-0.65"
"E","ANRS01","2012-10-01 08:14:20 AM","2012-10-01 08:13:30 AM","-0.83"
"E","MARG01","2012-10-01 08:15:28 AM","2012-10-01 08:14:47 AM","-0.68"
"E","NAIS01","2012-10-01 08:16:04 AM","2012-10-01 08:15:18 AM","-0.77"
"E","PPAL01","2012-10-01 08:17:15 AM","2012-10-01 08:15:56 AM","-1.32"
"E","CIPO01","2012-10-01 08:18:00 AM","2012-10-01 08:16:43 AM","-1.28"
"E","GAIU01","2012-10-01 08:19:14 AM","2012-10-01 08:17:39 AM","-1.58"
"E","SVON01","2012-10-01 08:20:12 AM","2012-10-01 08:18:17 AM","-1.92"
"E","RSMA01","2012-10-01 08:20:47 AM","2012-10-01 08:18:43 AM","-2.07"
"E","CLGE01","2012-10-01 08:21:40 AM","2012-10-01 08:19:27 AM","-2.22"
"E","BELL01","2012-10-01 08:22:41 AM","2012-10-01 08:20:40 AM","-2.02"
"E","BOCA01","2012-10-01 08:23:40 AM","2012-10-01 08:21:39 AM","-2.02"
"E","BISE01","2012-10-01 08:25:24 AM","2012-10-01 08:23:34 AM","-1.83"
"E","VSNA01","2012-10-01 08:26:37 AM","2012-10-01 08:31:53 AM","5.27"
"E","BLTE01","2012-10-01 08:28:04 AM","2012-10-01 08:33:19 AM","5.25"
"E","BOIS01","2012-10-01 08:28:36 AM","2012-10-01 08:33:44 AM","5.13"
"E","RUTH01","2012-10-01 08:30:11 AM","2012-10-01 08:34:55 AM","4.73"
"E","TCRE01","2012-10-01 08:30:50 AM","2012-10-01 08:35:18 AM","4.47"
"E","MGRE01","2012-10-01 08:31:42 AM","2012-10-01 08:35:47 AM","4.08"
"E","CRIG01","2012-10-01 08:33:02 AM","2012-10-01 08:36:29 AM","3.45"
"E","PLGE03","2012-10-01 08:34:14 AM","2012-10-01 08:38:52 AM","4.63"
"E","AUBI00","2012-10-01 08:38:43 AM","2012-10-01 08:40:51 AM","2.13"
"E","VOLL00","2012-10-01 08:39:33 AM","2012-10-01 08:41:38 AM","2.08"
"E","PLEV00","2012-10-01 08:41:57 AM","2012-10-01 08:47:14 AM","5.28"
"E","HERM00","2012-10-01 04:16:00 PM","2012-10-01 04:15:52 PM","-0.13"
"E","TRIZ01","2012-10-01 04:17:14 PM","2012-10-01 04:17:31 PM","0.28"
"E","VLLA01","2012-10-01 04:18:16 PM","2012-10-01 04:18:20 PM","0.07"
"E","GRAV01","2012-10-01 04:19:17 PM","2012-10-01 04:18:53 PM","-0.4"
"E","SSCH01","2012-10-01 04:19:57 PM","2012-10-01 04:19:33 PM","-0.4"
"E","CHVA01","2012-10-01 04:21:15 PM","2012-10-01 04:20:30 PM","-0.75"
"E","CRBS01","2012-10-01 04:21:55 PM","2012-10-01 04:21:04 PM","-0.85"
"E","ANRS01","2012-10-01 04:23:00 PM","2012-10-01 04:22:25 PM","-0.58"
"E","MARG01","2012-10-01 04:24:02 PM","2012-10-01 04:23:32 PM","-0.5"
"E","NAIS01","2012-10-01 04:24:35 PM","2012-10-01 04:24:20 PM","-0.25"
"E","PPAL01","2012-10-01 04:25:39 PM","2012-10-01 04:25:07 PM","-0.53"
"E","CIPO01","2012-10-01 04:26:20 PM","2012-10-01 04:25:46 PM","-0.57"
"E","GAIU01","2012-10-01 04:27:28 PM","2012-10-01 04:26:30 PM","-0.97"
"E","SVON01","2012-10-01 04:28:20 PM","2012-10-01 04:27:15 PM","-1.08"
"E","RSMA01","2012-10-01 04:28:52 PM","2012-10-01 04:27:43 PM","-1.15"
"E","CLGE01","2012-10-01 04:29:40 PM","2012-10-01 04:28:38 PM","-1.03"
"E","BELL01","2012-10-01 04:30:51 PM","2012-10-01 04:30:00 PM","-0.85"
"E","BOCA01","2012-10-01 04:32:00 PM","2012-10-01 04:30:57 PM","-1.05"
"E","BISE01","2012-10-01 04:33:46 PM","2012-10-01 04:32:11 PM","-1.58"
"E","VSNA01","2012-10-01 04:35:00 PM","2012-10-01 04:33:47 PM","-1.22"
"E","BLTE01","2012-10-01 04:36:27 PM","2012-10-01 04:35:00 PM","-1.45"
"E","BOIS01","2012-10-01 04:37:00 PM","2012-10-01 04:35:30 PM","-1.5"
"E","RUTH01","2012-10-01 04:38:36 PM","2012-10-01 04:36:55 PM","-1.68"
"E","TCRE01","2012-10-01 04:39:15 PM","2012-10-01 04:37:23 PM","-1.87"
"E","MGRE01","2012-10-01 04:40:07 PM","2012-10-01 04:37:52 PM","-2.25"
"E","CRIG01","2012-10-01 04:41:28 PM","2012-10-01 04:38:34 PM","-2.9"
"E","PLGE03","2012-10-01 04:42:40 PM","2012-10-01 04:40:28 PM","-2.2"
"E","AUBI00","2012-10-01 04:46:58 PM","2012-10-01 04:45:15 PM","-1.72"
"E","VOLL00","2012-10-01 04:47:47 PM","2012-10-01 04:45:52 PM","-1.92"
"E","RLAC00","2012-10-01 04:49:04 PM","2012-10-01 04:47:06 PM","-1.97"
"E","PLEV00","2012-10-01 04:50:05 PM","2012-10-01 04:48:51 PM","-1.23"
"E","RIVE04","2012-10-01 04:51:00 PM","2012-10-01 04:50:18 PM","-0.7"
"E","RIVE03","2012-10-01 05:02:00 PM","2012-10-01 05:01:33 PM","-0.45"
"E","VOLL02","2012-10-01 05:04:08 PM","2012-10-01 05:04:12 PM","0.07"
"E","PLGE01","2012-10-01 05:08:20 PM","2012-10-01 05:07:21 PM","-0.98"
"E","CRIG00","2012-10-01 05:09:32 PM","2012-10-01 05:08:16 PM","-1.27"
"E","MGRE00","2012-10-01 05:10:44 PM","2012-10-01 05:09:09 PM","-1.58"
"E","TCRE00","2012-10-01 05:11:33 PM","2012-10-01 05:09:56 PM","-1.62"
"E","RUTH00","2012-10-01 05:12:11 PM","2012-10-01 05:10:22 PM","-1.82"
"E","BOIS00","2012-10-01 05:13:34 PM","2012-10-01 05:11:27 PM","-2.12"
"E","BLTE00","2012-10-01 05:14:12 PM","2012-10-01 05:12:08 PM","-2.07"
"E","VSNA00","2012-10-01 05:15:00 PM","2012-10-01 05:14:30 PM","-0.5"
"E","BISE00","2012-10-01 05:16:53 PM","2012-10-01 05:17:15 PM","0.37"
"E","BOCA00","2012-10-01 05:18:40 PM","2012-10-01 05:18:26 PM","-0.23"
"E","BELL00","2012-10-01 05:19:45 PM","2012-10-01 05:19:25 PM","-0.33"
"E","CLGE00","2012-10-01 05:20:40 PM","2012-10-01 05:20:15 PM","-0.42"
"E","RSMA00","2012-10-01 05:21:36 PM","2012-10-01 05:21:08 PM","-0.47"
"E","SVON00","2012-10-01 05:22:04 PM","2012-10-01 05:21:48 PM","-0.27"
"E","GAIU00","2012-10-01 05:22:47 PM","2012-10-01 05:22:39 PM","-0.13"
"E","CIPO00","2012-10-01 05:24:00 PM","2012-10-01 05:23:34 PM","-0.43"
"E","PPAL00","2012-10-01 05:24:40 PM","2012-10-01 05:24:05 PM","-0.58"
"E","NAIS00","2012-10-01 05:25:42 PM","2012-10-01 05:24:39 PM","-1.05"
"E","MARG00","2012-10-01 05:26:16 PM","2012-10-01 05:25:13 PM","-1.05"
"E","ANRS00","2012-10-01 05:27:20 PM","2012-10-01 05:26:20 PM","-1.0"
"E","CRBS00","2012-10-01 05:28:27 PM","2012-10-01 05:27:11 PM","-1.27"
"E","CHVA00","2012-10-01 05:29:04 PM","2012-10-01 05:27:34 PM","-1.5"
"E","SSCH00","2012-10-01 05:30:01 PM","2012-10-01 05:28:26 PM","-1.58"
"E","GRAV00","2012-10-01 05:30:36 PM","2012-10-01 05:29:14 PM","-1.37"
"E","VLLA00","2012-10-01 05:31:42 PM","2012-10-01 05:30:04 PM","-1.63"
"E","TRIZ00","2012-10-01 05:32:31 PM","2012-10-01 05:30:34 PM","-1.95"
"E","HERM00","2012-10-01 05:33:40 PM","2012-10-01 05:31:23 PM","-2.28"
"E","HERM00","2012-10-01 05:41:00 PM","2012-10-01 05:41:02 PM","0.03"
"E","TRIZ01","2012-10-01 05:42:14 PM","2012-10-01 05:42:32 PM","0.3"
"E","GRAV01","2012-10-01 05:44:17 PM","2012-10-01 05:44:20 PM","0.05"
"E","SSCH01","2012-10-01 05:44:57 PM","2012-10-01 05:44:55 PM","-0.03"
"E","CHVA01","2012-10-01 05:46:15 PM","2012-10-01 05:45:51 PM","-0.4"
"E","CRBS01","2012-10-01 05:46:55 PM","2012-10-01 05:46:15 PM","-0.67"
"E","ANRS01","2012-10-01 05:48:00 PM","2012-10-01 05:47:05 PM","-0.92"
"E","MARG01","2012-10-01 05:49:02 PM","2012-10-01 05:48:15 PM","-0.78"
"E","NAIS01","2012-10-01 05:49:35 PM","2012-10-01 05:48:46 PM","-0.82"
"E","PPAL01","2012-10-01 05:50:39 PM","2012-10-01 05:49:27 PM","-1.2"
"E","CIPO01","2012-10-01 05:51:20 PM","2012-10-01 05:50:27 PM","-0.88"
"E","GAIU01","2012-10-01 05:52:28 PM","2012-10-01 05:51:35 PM","-0.88"
"E","SVON01","2012-10-01 05:53:20 PM","2012-10-01 05:52:26 PM","-0.9"
"E","RSMA01","2012-10-01 05:53:52 PM","2012-10-01 05:52:54 PM","-0.97"
"E","CLGE01","2012-10-01 05:54:40 PM","2012-10-01 05:53:37 PM","-1.05"
"E","BELL01","2012-10-01 05:55:41 PM","2012-10-01 05:54:52 PM","-0.82"
"E","BOCA01","2012-10-01 05:56:40 PM","2012-10-01 05:56:21 PM","-0.32"
"E","BISE01","2012-10-01 05:58:26 PM","2012-10-01 05:57:37 PM","-0.82"
"E","VSNA01","2012-10-01 05:59:40 PM","2012-10-01 05:59:16 PM","-0.4"
"E","BLTE01","2012-10-01 06:01:04 PM","2012-10-01 06:00:31 PM","-0.55"
"E","BOIS01","2012-10-01 06:01:35 PM","2012-10-01 06:00:56 PM","-0.65"
"E","RUTH01","2012-10-01 06:03:06 PM","2012-10-01 06:02:09 PM","-0.95"
"E","TCRE01","2012-10-01 06:03:44 PM","2012-10-01 06:02:42 PM","-1.03"
"E","MGRE01","2012-10-01 06:04:34 PM","2012-10-01 06:03:09 PM","-1.42"
"E","CRIG01","2012-10-01 06:05:51 PM","2012-10-01 06:03:52 PM","-1.98"
"E","PLGE03","2012-10-01 06:07:00 PM","2012-10-01 06:05:17 PM","-1.72"
"E","AUBI00","2012-10-01 06:11:18 PM","2012-10-01 06:07:26 PM","-3.87"
"E","VOLL00","2012-10-01 06:12:07 PM","2012-10-01 06:08:28 PM","-3.65"
"E","RLAC00","2012-10-01 06:13:24 PM","2012-10-01 06:10:25 PM","-2.98"
"E","PLEV00","2012-10-01 06:14:25 PM","2012-10-01 06:12:34 PM","-1.85"
"E","RIVE04","2012-10-01 06:15:20 PM","2012-10-01 06:15:39 PM","0.32"
"E","RIVE03","2012-10-01 06:25:00 PM","2012-10-01 06:25:16 PM","0.27"
"E","VOLL02","2012-10-01 06:27:15 PM","2012-10-01 06:27:58 PM","0.72"
"E","PLGE01","2012-10-01 06:31:40 PM","2012-10-01 06:29:55 PM","-1.75"
"E","CRIG00","2012-10-01 06:32:56 PM","2012-10-01 06:31:02 PM","-1.9"
"E","MGRE00","2012-10-01 06:34:11 PM","2012-10-01 06:31:40 PM","-2.52"
"E","TCRE00","2012-10-01 06:35:02 PM","2012-10-01 06:32:22 PM","-2.67"
"E","RUTH00","2012-10-01 06:35:42 PM","2012-10-01 06:32:57 PM","-2.75"
"E","BOIS00","2012-10-01 06:37:09 PM","2012-10-01 06:33:46 PM","-3.38"
"E","BLTE00","2012-10-01 06:37:50 PM","2012-10-01 06:34:13 PM","-3.62"
"E","VSNA00","2012-10-01 06:38:40 PM","2012-10-01 06:36:40 PM","-2.0"
"E","BISE00","2012-10-01 06:40:33 PM","2012-10-01 06:39:05 PM","-1.47"
"E","BOCA00","2012-10-01 06:42:20 PM","2012-10-01 06:40:10 PM","-2.17"
"E","BELL00","2012-10-01 06:43:25 PM","2012-10-01 06:41:01 PM","-2.4"
"E","CLGE00","2012-10-01 06:44:20 PM","2012-10-01 06:41:55 PM","-2.42"
"E","RSMA00","2012-10-01 06:45:16 PM","2012-10-01 06:42:34 PM","-2.7"
"E","SVON00","2012-10-01 06:45:44 PM","2012-10-01 06:43:06 PM","-2.63"
"E","GAIU00","2012-10-01 06:46:27 PM","2012-10-01 06:43:55 PM","-2.53"
"E","CIPO00","2012-10-01 06:47:40 PM","2012-10-01 06:44:54 PM","-2.77"
"E","PPAL00","2012-10-01 06:48:24 PM","2012-10-01 06:45:26 PM","-2.97"
"E","NAIS00","2012-10-01 06:49:32 PM","2012-10-01 06:46:05 PM","-3.45"
"E","MARG00","2012-10-01 06:50:09 PM","2012-10-01 06:46:37 PM","-3.53"
"E","ANRS00","2012-10-01 06:51:20 PM","2012-10-01 06:47:37 PM","-3.72"
"E","CRBS00","2012-10-01 06:52:27 PM","2012-10-01 06:48:36 PM","-3.85"
"E","CHVA00","2012-10-01 06:53:04 PM","2012-10-01 06:49:06 PM","-3.97"
"E","SSCH00","2012-10-01 06:54:01 PM","2012-10-01 06:49:40 PM","-4.35"
"E","GRAV00","2012-10-01 06:54:36 PM","2012-10-01 06:50:03 PM","-4.55"
"E","VLLA00","2012-10-01 06:55:42 PM","2012-10-01 06:50:54 PM","-4.8"
"E","TRIZ00","2012-10-01 06:56:31 PM","2012-10-01 06:51:34 PM","-4.95"
"E","HERM00","2012-10-01 06:57:40 PM","2012-10-01 06:52:20 PM","-5.33"
"E","RIVE03","2012-10-01 06:05:00 AM","2012-10-01 06:04:52 AM","-0.13"
"E","VOLL02","2012-10-01 06:06:21 AM","2012-10-01 06:07:03 AM","0.7"
"E","PLGE01","2012-10-01 06:09:00 AM","2012-10-01 06:09:10 AM","0.17"
"E","CRIG00","2012-10-01 06:09:50 AM","2012-10-01 06:10:44 AM","0.9"
"E","MGRE00","2012-10-01 06:10:40 AM","2012-10-01 06:11:27 AM","0.78"
"E","TCRE00","2012-10-01 06:11:15 AM","2012-10-01 06:11:56 AM","0.68"
"E","RUTH00","2012-10-01 06:11:41 AM","2012-10-01 06:12:19 AM","0.63"
"E","BOIS00","2012-10-01 06:12:39 AM","2012-10-01 06:13:29 AM","0.83"
"E","BLTE00","2012-10-01 06:13:07 AM","2012-10-01 06:13:56 AM","0.82"
"E","VSNA00","2012-10-01 06:13:40 AM","2012-10-01 06:14:48 AM","1.13"
"E","BISE00","2012-10-01 06:15:12 AM","2012-10-01 06:17:04 AM","1.87"
"E","BOCA00","2012-10-01 06:16:40 AM","2012-10-01 06:18:14 AM","1.57"
"E","BELL00","2012-10-01 06:17:34 AM","2012-10-01 06:19:05 AM","1.52"
"E","CLGE00","2012-10-01 06:18:20 AM","2012-10-01 06:20:04 AM","1.73"
"E","RSMA00","2012-10-01 06:19:04 AM","2012-10-01 06:20:48 AM","1.73"
"E","SVON00","2012-10-01 06:19:27 AM","2012-10-01 06:21:11 AM","1.73"
"E","GAIU00","2012-10-01 06:20:01 AM","2012-10-01 06:21:59 AM","1.97"
"E","CIPO00","2012-10-01 06:21:00 AM","2012-10-01 06:22:57 AM","1.95"
"E","PPAL00","2012-10-01 06:21:36 AM","2012-10-01 06:23:31 AM","1.92"
"E","NAIS00","2012-10-01 06:22:32 AM","2012-10-01 06:24:27 AM","1.92"
"E","MARG00","2012-10-01 06:23:02 AM","2012-10-01 06:25:12 AM","2.17"
"E","ANRS00","2012-10-01 06:24:00 AM","2012-10-01 06:26:27 AM","2.45"
"E","CRBS00","2012-10-01 06:25:00 AM","2012-10-01 06:27:22 AM","2.37"
"E","CHVA00","2012-10-01 06:25:33 AM","2012-10-01 06:27:47 AM","2.23"
"E","SSCH00","2012-10-01 06:26:24 AM","2012-10-01 06:28:23 AM","1.98"
"E","GRAV00","2012-10-01 06:26:56 AM","2012-10-01 06:28:46 AM","1.83"
"E","VLLA00","2012-10-01 06:27:55 AM","2012-10-01 06:29:33 AM","1.63"
"E","TRIZ00","2012-10-01 06:28:38 AM","2012-10-01 06:30:08 AM","1.5"
"E","HERM00","2012-10-01 06:29:40 AM","2012-10-01 06:30:55 AM","1.25"
"E","HERM00","2012-10-01 06:36:00 AM","2012-10-01 06:35:53 AM","-0.12"
"E","TRIZ01","2012-10-01 06:37:18 AM","2012-10-01 06:37:43 AM","0.42"
"E","VLLA01","2012-10-01 06:38:23 AM","2012-10-01 06:38:25 AM","0.03"
"E","GRAV01","2012-10-01 06:39:26 AM","2012-10-01 06:39:04 AM","-0.37"
"E","SSCH01","2012-10-01 06:40:08 AM","2012-10-01 06:39:54 AM","-0.23"
"E","CHVA01","2012-10-01 06:41:30 AM","2012-10-01 06:41:05 AM","-0.42"
"E","CRBS01","2012-10-01 06:42:12 AM","2012-10-01 06:41:52 AM","-0.33"
"E","ANRS01","2012-10-01 06:43:20 AM","2012-10-01 06:43:02 AM","-0.3"
"E","MARG01","2012-10-01 06:44:28 AM","2012-10-01 06:44:18 AM","-0.17"
"E","NAIS01","2012-10-01 06:45:04 AM","2012-10-01 06:45:23 AM","0.32"
"E","PPAL01","2012-10-01 06:46:15 AM","2012-10-01 06:46:14 AM","-0.02"
"E","CIPO01","2012-10-01 06:47:00 AM","2012-10-01 06:46:56 AM","-0.07"
"E","GAIU01","2012-10-01 06:48:01 AM","2012-10-01 06:48:04 AM","0.05"
"E","SVON01","2012-10-01 06:48:48 AM","2012-10-01 06:49:02 AM","0.23"
"E","RSMA01","2012-10-01 06:49:17 AM","2012-10-01 06:49:30 AM","0.22"
"E","CLGE01","2012-10-01 06:50:00 AM","2012-10-01 06:50:17 AM","0.28"
"E","BELL01","2012-10-01 06:51:01 AM","2012-10-01 06:51:30 AM","0.48"
"E","BOCA01","2012-10-01 06:52:00 AM","2012-10-01 06:52:35 AM","0.58"
"E","BISE01","2012-10-01 06:53:34 AM","2012-10-01 06:53:48 AM","0.23"
"E","VSNA01","2012-10-01 06:54:40 AM","2012-10-01 06:55:47 AM","1.12"
"E","BLTE01","2012-10-01 06:56:04 AM","2012-10-01 06:57:19 AM","1.25"
"E","BOIS01","2012-10-01 06:56:35 AM","2012-10-01 06:57:39 AM","1.07"
"E","RUTH01","2012-10-01 06:58:06 AM","2012-10-01 06:58:47 AM","0.68"
"E","TCRE01","2012-10-01 06:58:44 AM","2012-10-01 06:59:13 AM","0.48"
"E","MGRE01","2012-10-01 06:59:34 AM","2012-10-01 06:59:47 AM","0.22"
"E","CRIG01","2012-10-01 07:00:51 AM","2012-10-01 07:00:33 AM","-0.3"
"E","PLGE03","2012-10-01 07:02:00 AM","2012-10-01 07:02:30 AM","0.5"
"E","AUBI00","2012-10-01 07:05:16 AM","2012-10-01 07:04:58 AM","-0.3"
"E","VOLL00","2012-10-01 07:05:53 AM","2012-10-01 07:05:47 AM","-0.1"
"E","RLAC00","2012-10-01 07:06:52 AM","2012-10-01 07:06:58 AM","0.1"
"E","PLEV00","2012-10-01 07:07:38 AM","2012-10-01 07:08:49 AM","1.18"
"E","RIVE03","2012-10-01 07:17:00 AM","2012-10-01 07:16:58 AM","-0.03"
"E","VOLL02","2012-10-01 07:18:34 AM","2012-10-01 07:20:15 AM","1.68"
"E","PLGE01","2012-10-01 07:21:40 AM","2012-10-01 07:22:51 AM","1.18"
"E","CRIG00","2012-10-01 07:22:49 AM","2012-10-01 07:23:54 AM","1.08"
"E","MGRE00","2012-10-01 07:23:56 AM","2012-10-01 07:24:52 AM","0.93"
"E","TCRE00","2012-10-01 07:24:43 AM","2012-10-01 07:25:34 AM","0.85"
"E","RUTH00","2012-10-01 07:25:19 AM","2012-10-01 07:26:12 AM","0.88"
"E","BOIS00","2012-10-01 07:26:38 AM","2012-10-01 07:27:14 AM","0.6"
"E","BLTE00","2012-10-01 07:27:15 AM","2012-10-01 07:27:57 AM","0.7"
"E","VSNA00","2012-10-01 07:28:00 AM","2012-10-01 07:28:52 AM","0.87"
"E","BISE00","2012-10-01 07:29:53 AM","2012-10-01 07:32:15 AM","2.37"
"E","BOCA00","2012-10-01 07:31:40 AM","2012-10-01 07:33:34 AM","1.9"
"E","BELL00","2012-10-01 07:32:45 AM","2012-10-01 07:34:35 AM","1.83"
"E","CLGE00","2012-10-01 07:33:40 AM","2012-10-01 07:35:28 AM","1.8"
"E","RSMA00","2012-10-01 07:34:30 AM","2012-10-01 07:36:31 AM","2.02"
"E","SVON00","2012-10-01 07:34:56 AM","2012-10-01 07:37:10 AM","2.23"
"E","GAIU00","2012-10-01 07:35:34 AM","2012-10-01 07:37:42 AM","2.13"
"E","CIPO00","2012-10-01 07:36:40 AM","2012-10-01 07:38:36 AM","1.93"
"E","PPAL00","2012-10-01 07:37:20 AM","2012-10-01 07:39:25 AM","2.08"
"E","NAIS00","2012-10-01 07:38:22 AM","2012-10-01 07:40:14 AM","1.87"
"E","MARG00","2012-10-01 07:38:56 AM","2012-10-01 07:40:37 AM","1.68"
"E","ANRS00","2012-10-01 07:40:00 AM","2012-10-01 07:41:43 AM","1.72"
"E","CRBS00","2012-10-01 07:41:07 AM","2012-10-01 07:42:49 AM","1.7"
"E","CHVA00","2012-10-01 07:41:44 AM","2012-10-01 07:43:23 AM","1.65"
"E","SSCH00","2012-10-01 07:42:41 AM","2012-10-01 07:44:17 AM","1.6"
"E","GRAV00","2012-10-01 07:43:16 AM","2012-10-01 07:44:50 AM","1.57"
"E","VLLA00","2012-10-01 07:44:22 AM","2012-10-01 07:46:03 AM","1.68"
"E","TRIZ00","2012-10-01 07:45:11 AM","2012-10-01 07:47:07 AM","1.93"
"E","HERM00","2012-10-01 07:46:20 AM","2012-10-01 07:48:06 AM","1.77"
"E","HERM00","2012-10-01 07:55:00 AM","2012-10-01 07:54:47 AM","-0.22"
"E","TRIZ01","2012-10-01 07:56:18 AM","2012-10-01 07:56:31 AM","0.22"
"E","VLLA01","2012-10-01 07:57:23 AM","2012-10-01 07:57:10 AM","-0.22"
"E","GRAV01","2012-10-01 07:58:26 AM","2012-10-01 07:58:05 AM","-0.35"
"E","SSCH01","2012-10-01 07:59:08 AM","2012-10-01 07:58:55 AM","-0.22"
"E","CHVA01","2012-10-01 08:00:30 AM","2012-10-01 08:00:02 AM","-0.47"
"E","CRBS01","2012-10-01 08:01:12 AM","2012-10-01 08:00:48 AM","-0.4"
"E","ANRS01","2012-10-01 08:02:20 AM","2012-10-01 08:01:54 AM","-0.43"
"E","MARG01","2012-10-01 08:03:28 AM","2012-10-01 08:03:13 AM","-0.25"
"E","NAIS01","2012-10-01 08:04:04 AM","2012-10-01 08:04:17 AM","0.22"
"E","PPAL01","2012-10-01 08:05:15 AM","2012-10-01 08:05:21 AM","0.1"
"E","CIPO01","2012-10-01 08:06:00 AM","2012-10-01 08:06:14 AM","0.23"
"E","GAIU01","2012-10-01 08:07:20 AM","2012-10-01 08:07:00 AM","-0.33"
"E","SVON01","2012-10-01 08:08:23 AM","2012-10-01 08:07:37 AM","-0.77"
"E","RSMA01","2012-10-01 08:09:00 AM","2012-10-01 08:08:06 AM","-0.9"
"E","CLGE01","2012-10-01 08:09:57 AM","2012-10-01 08:09:01 AM","-0.93"
"E","BELL01","2012-10-01 08:11:06 AM","2012-10-01 08:10:11 AM","-0.92"
"E","BOCA01","2012-10-01 08:12:14 AM","2012-10-01 08:11:05 AM","-1.15"
"E","BISE01","2012-10-01 08:14:10 AM","2012-10-01 08:13:11 AM","-0.98"
"E","VSNA01","2012-10-01 08:15:31 AM","2012-10-01 08:21:04 AM","5.55"
"E","BLTE01","2012-10-01 08:16:58 AM","2012-10-01 08:22:15 AM","5.28"
"E","BOIS01","2012-10-01 08:17:31 AM","2012-10-01 08:22:30 AM","4.98"
"E","RUTH01","2012-10-01 08:19:07 AM","2012-10-01 08:23:36 AM","4.48"
"E","TCRE01","2012-10-01 08:19:46 AM","2012-10-01 08:24:06 AM","4.33"
"E","MGRE01","2012-10-01 08:20:38 AM","2012-10-01 08:25:13 AM","4.58"
"E","CRIG01","2012-10-01 08:21:59 AM","2012-10-01 08:25:58 AM","3.98"
"E","PLGE03","2012-10-01 08:23:11 AM","2012-10-01 08:28:40 AM","5.48"
"E","AUBI00","2012-10-01 08:27:40 AM","2012-10-01 08:31:40 AM","4.0"
"E","VOLL00","2012-10-01 08:28:30 AM","2012-10-01 08:32:26 AM","3.93"
"E","PLEV00","2012-10-01 08:30:54 AM","2012-10-01 08:34:49 AM","3.92"
"E","RIVE04","2012-10-01 08:31:51 AM","2012-10-01 08:36:15 AM","4.4"
"E","RIVE03","2012-10-01 04:25:00 PM","2012-10-01 04:25:39 PM","0.65"
"E","VOLL02","2012-10-01 04:27:01 PM","2012-10-01 04:28:13 PM","1.2"
"E","PLGE01","2012-10-01 04:31:00 PM","2012-10-01 04:30:37 PM","-0.38"
"E","CRIG00","2012-10-01 04:32:12 PM","2012-10-01 04:32:22 PM","0.17"
"E","MGRE00","2012-10-01 04:33:24 PM","2012-10-01 04:33:20 PM","-0.07"
"E","TCRE00","2012-10-01 04:34:13 PM","2012-10-01 04:33:53 PM","-0.33"
"E","RUTH00","2012-10-01 04:34:51 PM","2012-10-01 04:34:21 PM","-0.5"
"E","BOIS00","2012-10-01 04:36:14 PM","2012-10-01 04:35:30 PM","-0.73"
"E","BLTE00","2012-10-01 04:36:52 PM","2012-10-01 04:36:00 PM","-0.87"
"E","VSNA00","2012-10-01 04:37:40 PM","2012-10-01 04:37:58 PM","0.3"
"E","BISE00","2012-10-01 04:39:33 PM","2012-10-01 04:40:17 PM","0.73"
"E","BOCA00","2012-10-01 04:41:20 PM","2012-10-01 04:41:00 PM","-0.33"
"E","BELL00","2012-10-01 04:42:25 PM","2012-10-01 04:41:48 PM","-0.62"
"E","CLGE00","2012-10-01 04:43:20 PM","2012-10-01 04:42:36 PM","-0.73"
"E","RSMA00","2012-10-01 04:44:16 PM","2012-10-01 04:43:41 PM","-0.58"
"E","SVON00","2012-10-01 04:44:44 PM","2012-10-01 04:44:17 PM","-0.45"
"E","GAIU00","2012-10-01 04:45:27 PM","2012-10-01 04:45:05 PM","-0.37"
"E","CIPO00","2012-10-01 04:46:40 PM","2012-10-01 04:46:08 PM","-0.53"
"E","PPAL00","2012-10-01 04:47:20 PM","2012-10-01 04:46:43 PM","-0.62"
"E","NAIS00","2012-10-01 04:48:22 PM","2012-10-01 04:47:26 PM","-0.93"
"E","MARG00","2012-10-01 04:48:56 PM","2012-10-01 04:48:01 PM","-0.92"
"E","ANRS00","2012-10-01 04:50:00 PM","2012-10-01 04:49:23 PM","-0.62"
"E","CRBS00","2012-10-01 04:51:07 PM","2012-10-01 04:50:24 PM","-0.72"
"E","CHVA00","2012-10-01 04:51:44 PM","2012-10-01 04:50:50 PM","-0.9"
"E","SSCH00","2012-10-01 04:52:41 PM","2012-10-01 04:51:29 PM","-1.2"
"E","GRAV00","2012-10-01 04:53:16 PM","2012-10-01 04:52:15 PM","-1.02"
"E","VLLA00","2012-10-01 04:54:22 PM","2012-10-01 04:53:09 PM","-1.22"
"E","TRIZ00","2012-10-01 04:55:11 PM","2012-10-01 04:53:52 PM","-1.32"
"E","HERM00","2012-10-01 04:56:20 PM","2012-10-01 04:54:49 PM","-1.52"
"E","HERM00","2012-10-01 05:05:00 PM","2012-10-01 05:04:59 PM","-0.02"
"E","TRIZ01","2012-10-01 05:06:14 PM","2012-10-01 05:06:44 PM","0.5"
"E","VLLA01","2012-10-01 05:07:16 PM","2012-10-01 05:07:30 PM","0.23"
"E","GRAV01","2012-10-01 05:08:17 PM","2012-10-01 05:08:09 PM","-0.13"
"E","SSCH01","2012-10-01 05:08:57 PM","2012-10-01 05:08:57 PM","0.0"
"E","CHVA01","2012-10-01 05:10:15 PM","2012-10-01 05:09:58 PM","-0.28"
"E","CRBS01","2012-10-01 05:10:55 PM","2012-10-01 05:10:26 PM","-0.48"
"E","ANRS01","2012-10-01 05:12:00 PM","2012-10-01 05:11:28 PM","-0.53"
"E","MARG01","2012-10-01 05:13:02 PM","2012-10-01 05:12:30 PM","-0.53"
"E","NAIS01","2012-10-01 05:13:35 PM","2012-10-01 05:13:21 PM","-0.23"
"E","PPAL01","2012-10-01 05:14:39 PM","2012-10-01 05:14:14 PM","-0.42"
"E","CIPO01","2012-10-01 05:15:20 PM","2012-10-01 05:14:58 PM","-0.37"
"E","GAIU01","2012-10-01 05:16:28 PM","2012-10-01 05:15:48 PM","-0.67"
"E","SVON01","2012-10-01 05:17:20 PM","2012-10-01 05:16:39 PM","-0.68"
"E","RSMA01","2012-10-01 05:17:52 PM","2012-10-01 05:17:08 PM","-0.73"
"E","CLGE01","2012-10-01 05:18:40 PM","2012-10-01 05:17:56 PM","-0.73"
"E","BELL01","2012-10-01 05:19:51 PM","2012-10-01 05:19:16 PM","-0.58"
"E","BOCA01","2012-10-01 05:21:00 PM","2012-10-01 05:20:03 PM","-0.95"
"E","BISE01","2012-10-01 05:22:46 PM","2012-10-01 05:21:07 PM","-1.65"
"E","VSNA01","2012-10-01 05:24:00 PM","2012-10-01 05:23:01 PM","-0.98"
"E","BLTE01","2012-10-01 05:25:27 PM","2012-10-01 05:24:51 PM","-0.6"
"E","BOIS01","2012-10-01 05:26:00 PM","2012-10-01 05:25:13 PM","-0.78"
"E","RUTH01","2012-10-01 05:27:36 PM","2012-10-01 05:26:17 PM","-1.32"
"E","TCRE01","2012-10-01 05:28:15 PM","2012-10-01 05:26:45 PM","-1.5"
"E","MGRE01","2012-10-01 05:29:07 PM","2012-10-01 05:27:24 PM","-1.72"
"E","CRIG01","2012-10-01 05:30:28 PM","2012-10-01 05:28:24 PM","-2.07"
"E","PLGE03","2012-10-01 05:31:40 PM","2012-10-01 05:30:21 PM","-1.32"
"E","AUBI00","2012-10-01 05:35:58 PM","2012-10-01 05:32:43 PM","-3.25"
"E","VOLL00","2012-10-01 05:36:47 PM","2012-10-01 05:33:27 PM","-3.33"
"E","PLEV00","2012-10-01 05:39:05 PM","2012-10-01 05:38:15 PM","-0.83"
"E","RIVE03","2012-10-01 05:49:00 PM","2012-10-01 05:49:24 PM","0.4"
"E","VOLL02","2012-10-01 05:51:15 PM","2012-10-01 05:52:06 PM","0.85"
"E","PLGE01","2012-10-01 05:55:40 PM","2012-10-01 05:54:34 PM","-1.1"
"E","CRIG00","2012-10-01 05:57:00 PM","2012-10-01 05:56:25 PM","-0.58"
"E","MGRE00","2012-10-01 05:58:18 PM","2012-10-01 05:57:32 PM","-0.77"
"E","TCRE00","2012-10-01 05:59:12 PM","2012-10-01 05:58:13 PM","-0.98"
"E","RUTH00","2012-10-01 05:59:54 PM","2012-10-01 05:59:09 PM","-0.75"
"E","BOIS00","2012-10-01 06:01:25 PM","2012-10-01 06:00:02 PM","-1.38"
"E","BLTE00","2012-10-01 06:02:08 PM","2012-10-01 06:00:43 PM","-1.42"
"E","VSNA00","2012-10-01 06:03:00 PM","2012-10-01 06:02:16 PM","-0.73"
"E","BISE00","2012-10-01 06:04:53 PM","2012-10-01 06:04:45 PM","-0.13"
"E","BOCA00","2012-10-01 06:06:40 PM","2012-10-01 06:05:38 PM","-1.03"
"E","BELL00","2012-10-01 06:07:45 PM","2012-10-01 06:06:25 PM","-1.33"
"E","CLGE00","2012-10-01 06:08:40 PM","2012-10-01 06:07:31 PM","-1.15"
"E","RSMA00","2012-10-01 06:09:36 PM","2012-10-01 06:08:20 PM","-1.27"
"E","SVON00","2012-10-01 06:10:04 PM","2012-10-01 06:08:53 PM","-1.18"
"E","GAIU00","2012-10-01 06:10:47 PM","2012-10-01 06:09:42 PM","-1.08"
"E","CIPO00","2012-10-01 06:12:00 PM","2012-10-01 06:10:45 PM","-1.25"
"E","PPAL00","2012-10-01 06:12:44 PM","2012-10-01 06:11:20 PM","-1.4"
"E","NAIS00","2012-10-01 06:13:52 PM","2012-10-01 06:12:10 PM","-1.7"
"E","MARG00","2012-10-01 06:14:29 PM","2012-10-01 06:13:05 PM","-1.4"
"E","ANRS00","2012-10-01 06:15:40 PM","2012-10-01 06:14:07 PM","-1.55"
"E","CRBS00","2012-10-01 06:16:47 PM","2012-10-01 06:15:03 PM","-1.73"
"E","CHVA00","2012-10-01 06:17:24 PM","2012-10-01 06:15:39 PM","-1.75"
"E","SSCH00","2012-10-01 06:18:21 PM","2012-10-01 06:16:28 PM","-1.88"
"E","GRAV00","2012-10-01 06:18:56 PM","2012-10-01 06:16:50 PM","-2.1"
"E","VLLA00","2012-10-01 06:20:02 PM","2012-10-01 06:17:43 PM","-2.32"
"E","TRIZ00","2012-10-01 06:20:51 PM","2012-10-01 06:18:39 PM","-2.2"
"E","HERM00","2012-10-01 06:22:00 PM","2012-10-01 06:19:30 PM","-2.5"
"E","HERM00","2012-10-01 06:29:00 PM","2012-10-01 06:28:53 PM","-0.12"
"E","TRIZ01","2012-10-01 06:30:14 PM","2012-10-01 06:30:15 PM","0.02"
"E","VLLA01","2012-10-01 06:31:16 PM","2012-10-01 06:31:08 PM","-0.13"
"E","GRAV01","2012-10-01 06:32:17 PM","2012-10-01 06:31:50 PM","-0.45"
"E","SSCH01","2012-10-01 06:32:57 PM","2012-10-01 06:32:37 PM","-0.33"
"E","CHVA01","2012-10-01 06:34:15 PM","2012-10-01 06:33:41 PM","-0.57"
"E","CRBS01","2012-10-01 06:34:55 PM","2012-10-01 06:34:09 PM","-0.77"
"E","ANRS01","2012-10-01 06:36:00 PM","2012-10-01 06:35:13 PM","-0.78"
"E","MARG01","2012-10-01 06:37:02 PM","2012-10-01 06:36:33 PM","-0.48"
"E","NAIS01","2012-10-01 06:37:35 PM","2012-10-01 06:37:24 PM","-0.18"
"E","PPAL01","2012-10-01 06:38:39 PM","2012-10-01 06:38:18 PM","-0.35"
"E","CIPO01","2012-10-01 06:39:20 PM","2012-10-01 06:38:56 PM","-0.4"
"E","GAIU01","2012-10-01 06:40:28 PM","2012-10-01 06:39:45 PM","-0.72"
"E","SVON01","2012-10-01 06:41:20 PM","2012-10-01 06:40:29 PM","-0.85"
"E","RSMA01","2012-10-01 06:41:52 PM","2012-10-01 06:40:57 PM","-0.92"
"E","CLGE01","2012-10-01 06:42:40 PM","2012-10-01 06:41:38 PM","-1.03"
"E","BELL01","2012-10-01 06:43:41 PM","2012-10-01 06:42:52 PM","-0.82"
"E","BOCA01","2012-10-01 06:44:40 PM","2012-10-01 06:43:33 PM","-1.12"
"E","BISE01","2012-10-01 06:46:14 PM","2012-10-01 06:44:47 PM","-1.45"
"E","VSNA01","2012-10-01 06:47:20 PM","2012-10-01 06:46:23 PM","-0.95"
"E","BLTE01","2012-10-01 06:48:36 PM","2012-10-01 06:47:43 PM","-0.88"
"E","BOIS01","2012-10-01 06:49:04 PM","2012-10-01 06:48:00 PM","-1.07"
"E","RUTH01","2012-10-01 06:50:28 PM","2012-10-01 06:48:54 PM","-1.57"
"E","TCRE01","2012-10-01 06:51:02 PM","2012-10-01 06:49:45 PM","-1.28"
"E","MGRE01","2012-10-01 06:51:47 PM","2012-10-01 06:50:20 PM","-1.45"
"E","CRIG01","2012-10-01 06:52:57 PM","2012-10-01 06:51:10 PM","-1.78"
"E","PLGE03","2012-10-01 06:54:00 PM","2012-10-01 06:57:01 PM","3.02"
"E","AUBI00","2012-10-01 06:57:58 PM","2012-10-01 06:59:21 PM","1.38"
"E","VOLL00","2012-10-01 06:58:42 PM","2012-10-01 07:00:08 PM","1.43"
"E","RLAC00","2012-10-01 06:59:54 PM","2012-10-01 07:01:06 PM","1.2"
"E","PLEV00","2012-10-01 07:00:50 PM","2012-10-01 07:02:52 PM","2.03"
"E","RIVE04","2012-10-01 07:01:40 PM","2012-10-01 07:04:09 PM","2.48"
"E","RIVE03","2012-10-01 05:45:00 AM","2012-10-01 05:45:20 AM","0.33"
"E","VOLL02","2012-10-01 05:46:21 AM","2012-10-01 05:47:21 AM","1.0"
"E","PLGE01","2012-10-01 05:49:00 AM","2012-10-01 05:49:29 AM","0.48"
"E","CRIG00","2012-10-01 05:49:50 AM","2012-10-01 05:50:25 AM","0.58"
"E","MGRE00","2012-10-01 05:50:40 AM","2012-10-01 05:51:12 AM","0.53"
"E","TCRE00","2012-10-01 05:51:15 AM","2012-10-01 05:51:44 AM","0.48"
"E","RUTH00","2012-10-01 05:51:41 AM","2012-10-01 05:52:11 AM","0.5"
"E","BOIS00","2012-10-01 05:52:39 AM","2012-10-01 05:53:07 AM","0.47"
"E","BLTE00","2012-10-01 05:53:07 AM","2012-10-01 05:53:36 AM","0.48"
"E","VSNA00","2012-10-01 05:53:40 AM","2012-10-01 05:54:29 AM","0.82"
"E","BISE00","2012-10-01 05:55:02 AM","2012-10-01 05:56:37 AM","1.58"
"E","BOCA00","2012-10-01 05:56:20 AM","2012-10-01 05:57:55 AM","1.58"
"E","BELL00","2012-10-01 05:57:14 AM","2012-10-01 05:58:36 AM","1.37"
"E","CLGE00","2012-10-01 05:58:00 AM","2012-10-01 05:59:20 AM","1.33"
"E","RSMA00","2012-10-01 05:58:44 AM","2012-10-01 05:59:58 AM","1.23"
"E","SVON00","2012-10-01 05:59:07 AM","2012-10-01 06:00:28 AM","1.35"
"E","GAIU00","2012-10-01 05:59:41 AM","2012-10-01 06:00:57 AM","1.27"
"E","CIPO00","2012-10-01 06:00:40 AM","2012-10-01 06:01:36 AM","0.93"
"E","PPAL00","2012-10-01 06:01:12 AM","2012-10-01 06:02:11 AM","0.98"
"E","NAIS00","2012-10-01 06:02:01 AM","2012-10-01 06:02:47 AM","0.77"
"E","MARG00","2012-10-01 06:02:29 AM","2012-10-01 06:03:13 AM","0.73"
"E","ANRS00","2012-10-01 06:03:20 AM","2012-10-01 06:04:18 AM","0.97"
"E","CRBS00","2012-10-01 06:04:16 AM","2012-10-01 06:05:18 AM","1.03"
"E","CHVA00","2012-10-01 06:04:48 AM","2012-10-01 06:05:45 AM","0.95"
"E","SSCH00","2012-10-01 06:05:36 AM","2012-10-01 06:06:28 AM","0.87"
"E","GRAV00","2012-10-01 06:06:05 AM","2012-10-01 06:06:52 AM","0.78"
"E","VLLA00","2012-10-01 06:07:01 AM","2012-10-01 06:07:44 AM","0.72"
"E","TRIZ00","2012-10-01 06:07:42 AM","2012-10-01 06:08:21 AM","0.65"
"E","HERM00","2012-10-01 06:08:40 AM","2012-10-01 06:09:10 AM","0.5"
"E","HERM00","2012-10-01 06:18:00 AM","2012-10-01 06:18:22 AM","0.37"
"E","TRIZ01","2012-10-01 06:19:18 AM","2012-10-01 06:19:40 AM","0.37"
"E","VLLA01","2012-10-01 06:20:23 AM","2012-10-01 06:20:50 AM","0.45"
"E","GRAV01","2012-10-01 06:21:26 AM","2012-10-01 06:21:36 AM","0.17"
"E","SSCH01","2012-10-01 06:22:08 AM","2012-10-01 06:22:23 AM","0.25"
"E","CHVA01","2012-10-01 06:23:30 AM","2012-10-01 06:23:34 AM","0.07"
"E","CRBS01","2012-10-01 06:24:12 AM","2012-10-01 06:24:09 AM","-0.05"
"E","ANRS01","2012-10-01 06:25:20 AM","2012-10-01 06:25:33 AM","0.22"
"E","MARG01","2012-10-01 06:26:28 AM","2012-10-01 06:26:56 AM","0.47"
"E","NAIS01","2012-10-01 06:27:04 AM","2012-10-01 06:27:25 AM","0.35"
"E","PPAL01","2012-10-01 06:28:15 AM","2012-10-01 06:28:05 AM","-0.17"
"E","CIPO01","2012-10-01 06:29:00 AM","2012-10-01 06:29:02 AM","0.03"
"E","GAIU01","2012-10-01 06:30:01 AM","2012-10-01 06:29:48 AM","-0.22"
"E","SVON01","2012-10-01 06:30:48 AM","2012-10-01 06:30:20 AM","-0.47"
"E","RSMA01","2012-10-01 06:31:17 AM","2012-10-01 06:30:58 AM","-0.32"
"E","CLGE01","2012-10-01 06:32:00 AM","2012-10-01 06:31:58 AM","-0.03"
"E","BELL01","2012-10-01 06:33:01 AM","2012-10-01 06:33:07 AM","0.1"
"E","BOCA01","2012-10-01 06:34:00 AM","2012-10-01 06:33:51 AM","-0.15"
"E","BISE01","2012-10-01 06:35:34 AM","2012-10-01 06:34:40 AM","-0.9"
"E","VSNA01","2012-10-01 06:36:40 AM","2012-10-01 06:36:02 AM","-0.63"
"E","BLTE01","2012-10-01 06:37:52 AM","2012-10-01 06:37:21 AM","-0.52"
"E","BOIS01","2012-10-01 06:38:19 AM","2012-10-01 06:37:40 AM","-0.65"
"E","RUTH01","2012-10-01 06:39:38 AM","2012-10-01 06:39:22 AM","-0.27"
"E","TCRE01","2012-10-01 06:40:11 AM","2012-10-01 06:40:02 AM","-0.15"
"E","MGRE01","2012-10-01 06:40:53 AM","2012-10-01 06:40:32 AM","-0.35"
"E","CRIG01","2012-10-01 06:42:00 AM","2012-10-01 06:41:18 AM","-0.7"
"E","PLGE03","2012-10-01 06:43:00 AM","2012-10-01 06:43:38 AM","0.63"
"E","AUBI00","2012-10-01 06:46:16 AM","2012-10-01 06:46:17 AM","0.02"
"E","VOLL00","2012-10-01 06:46:53 AM","2012-10-01 06:46:57 AM","0.07"
"E","RLAC00","2012-10-01 06:47:52 AM","2012-10-01 06:48:08 AM","0.27"
"E","PLEV00","2012-10-01 06:48:38 AM","2012-10-01 06:50:24 AM","1.77"
"E","RIVE04","2012-10-01 06:49:20 AM","2012-10-01 06:51:18 AM","1.97"
"E","RIVE03","2012-10-01 06:56:00 AM","2012-10-01 06:58:11 AM","2.18"
"E","VOLL02","2012-10-01 06:57:27 AM","2012-10-01 07:01:39 AM","4.2"
"E","PLGE01","2012-10-01 07:00:20 AM","2012-10-01 07:03:39 AM","3.32"
"E","CRIG00","2012-10-01 07:01:29 AM","2012-10-01 07:04:49 AM","3.33"
"E","MGRE00","2012-10-01 07:02:36 AM","2012-10-01 07:05:35 AM","2.98"
"E","TCRE00","2012-10-01 07:03:23 AM","2012-10-01 07:06:06 AM","2.72"
"E","RUTH00","2012-10-01 07:03:59 AM","2012-10-01 07:06:33 AM","2.57"
"E","BOIS00","2012-10-01 07:05:18 AM","2012-10-01 07:07:34 AM","2.27"
"E","BLTE00","2012-10-01 07:05:55 AM","2012-10-01 07:08:11 AM","2.27"
"E","VSNA00","2012-10-01 07:06:40 AM","2012-10-01 07:09:44 AM","3.07"
"E","BISE00","2012-10-01 07:08:33 AM","2012-10-01 07:11:48 AM","3.25"
"E","BOCA00","2012-10-01 07:10:20 AM","2012-10-01 07:13:01 AM","2.68"
"E","BELL00","2012-10-01 07:11:25 AM","2012-10-01 07:13:53 AM","2.47"
"E","CLGE00","2012-10-01 07:12:20 AM","2012-10-01 07:14:53 AM","2.55"
"E","RSMA00","2012-10-01 07:13:10 AM","2012-10-01 07:15:44 AM","2.57"
"E","SVON00","2012-10-01 07:13:36 AM","2012-10-01 07:16:19 AM","2.72"
"E","GAIU00","2012-10-01 07:14:14 AM","2012-10-01 07:16:52 AM","2.63"
"E","CIPO00","2012-10-01 07:15:20 AM","2012-10-01 07:17:40 AM","2.33"
"E","PPAL00","2012-10-01 07:16:00 AM","2012-10-01 07:18:25 AM","2.42"
"E","NAIS00","2012-10-01 07:17:02 AM","2012-10-01 07:19:12 AM","2.17"
"E","MARG00","2012-10-01 07:17:36 AM","2012-10-01 07:19:48 AM","2.2"
"E","ANRS00","2012-10-01 07:18:40 AM","2012-10-01 07:20:54 AM","2.23"
"E","CRBS00","2012-10-01 07:19:47 AM","2012-10-01 07:21:50 AM","2.05"
"E","CHVA00","2012-10-01 07:20:24 AM","2012-10-01 07:22:17 AM","1.88"
"E","SSCH00","2012-10-01 07:21:21 AM","2012-10-01 07:23:18 AM","1.95"
"E","GRAV00","2012-10-01 07:21:56 AM","2012-10-01 07:23:53 AM","1.95"
"E","VLLA00","2012-10-01 07:23:02 AM","2012-10-01 07:24:41 AM","1.65"
"E","TRIZ00","2012-10-01 07:23:51 AM","2012-10-01 07:25:16 AM","1.42"
"E","HERM00","2012-10-01 07:25:00 AM","2012-10-01 07:26:21 AM","1.35"
"E","HERM00","2012-10-01 07:29:00 AM","2012-10-01 07:32:34 AM","3.57"
"E","TRIZ01","2012-10-01 07:30:25 AM","2012-10-01 07:33:44 AM","3.32"
"E","VLLA01","2012-10-01 07:31:36 AM","2012-10-01 07:34:38 AM","3.03"
"E","GRAV01","2012-10-01 07:32:45 AM","2012-10-01 07:35:39 AM","2.9"
"E","SSCH01","2012-10-01 07:33:31 AM","2012-10-01 07:36:38 AM","3.12"
"E","CHVA01","2012-10-01 07:35:00 AM","2012-10-01 07:39:12 AM","4.2"
"E","CRBS01","2012-10-01 07:35:46 AM","2012-10-01 07:40:23 AM","4.62"
"E","ANRS01","2012-10-01 07:37:00 AM","2012-10-01 07:41:32 AM","4.53"
"E","MARG01","2012-10-01 07:38:14 AM","2012-10-01 07:42:38 AM","4.4"
"E","NAIS01","2012-10-01 07:38:54 AM","2012-10-01 07:43:27 AM","4.55"
